alert_id,customer_id,account_id,amount,status,type,date,branch,remarks,flag
AL1,C1000,A2000,,PENDING,LOAN,2024-09-04,B10,,N
AL2,C1001,A2001,42816.96,INACTIVE,CURRENT,2024-02-13,B16,OK,N
AL3,C1002,A2002,29965.55,INACTIVE,SAVINGS,2021-01-22,B12,OK,N
AL4,C1003,A2003,44362.71,INACTIVE,LOAN,2023-04-21,B19,OK,N
AL5,C1004,A2004,39255.54,PENDING,CURRENT,2025-04-29,B17,OK,N
AL6,C1005,A2005,10073.03,INACTIVE,SAVINGS,2022-08-10,B1,OK,N
AL7,C1006,A2006,44057.94,ACTIVE,CURRENT,2023-12-25,B14,OK,N
AL8,C1007,A2007,17079.06,PENDING,CURRENT,2022-09-01,B7,OK,Y
AL9,C1008,A2008,14571.72,INACTIVE,LOAN,2022-04-30,B2,OK,Y
AL10,C1009,A2009,25604.15,PENDING,SAVINGS,2025-02-14,B1,OK,Y
AL11,C1010,A2010,49188.7,ACTIVE,LOAN,2022-03-31,B13,OK,N
AL12,C1011,A2011,41995.96,PENDING,LOAN,2024-05-03,B6,OK,Y
AL13,C1012,A2012,13597.81,PENDING,LOAN,2022-05-03,B11,OK,N
AL14,C1013,A2013,15392.68,PENDING,LOAN,2024-01-25,B10,OK,Y
AL15,C1014,A2014,3530.2,INACTIVE,CURRENT,2024-12-18,B13,OK,Y
AL16,C1015,A2015,27319.04,ACTIVE,CURRENT,2020-05-18,B9,OK,Y
AL17,C1016,A2016,47296.72,INACTIVE,SAVINGS,2024-04-14,B14,OK,Y
AL18,C1017,A2017,30163.39,ACTIVE,CURRENT,2020-09-18,B16,OK,Y
AL19,C1018,A2018,20602.34,PENDING,SAVINGS,2020-05-15,B6,OK,N
AL20,C1019,A2019,9674.2,PENDING,CURRENT,2021-04-11,B14,OK,Y
AL21,C1020,A2020,33996.83,INACTIVE,CURRENT,2020-08-22,B1,OK,N
AL22,C1021,A2021,38631.51,INACTIVE,SAVINGS,2023-06-21,B19,OK,Y
AL23,C1022,A2022,39354.51,ACTIVE,CURRENT,2023-07-28,B20,OK,Y
AL24,C1023,A2023,33948.45,ACTIVE,CURRENT,2020-05-22,B13,OK,N
AL25,C1024,A2024,2782.59,INACTIVE,LOAN,2022-07-18,B18,OK,N
AL26,C1025,A2025,15757.19,INACTIVE,LOAN,2025-02-20,B19,,Y
AL27,C1026,A2026,48300.04,ACTIVE,CURRENT,2020-10-15,B6,OK,N
AL28,C1027,A2027,48889.61,ACTIVE,LOAN,2024-10-17,B17,OK,N
AL29,C1028,A2028,11483.07,ACTIVE,LOAN,2021-11-06,B14,OK,Y
AL30,C1029,A2029,26653.74,PENDING,CURRENT,2020-11-30,B8,OK,Y
AL31,C1030,A2030,13400.2,PENDING,SAVINGS,2021-02-25,B4,OK,Y
AL32,C1031,A2031,32968.94,INACTIVE,LOAN,2020-09-05,B8,OK,N
AL33,C1032,A2032,23656.93,INACTIVE,LOAN,2020-05-12,B1,OK,N
AL34,C1033,A2033,36436.79,ACTIVE,SAVINGS,2024-12-13,B13,OK,Y
AL35,C1034,A2034,9050.89,INACTIVE,CURRENT,2021-02-10,B2,OK,N
AL36,C1035,A2035,12747.53,ACTIVE,SAVINGS,2024-07-24,B4,OK,N
AL37,C1036,A2036,30018.05,INACTIVE,SAVINGS,2020-01-11,B3,OK,Y
AL38,C1037,A2037,12710.5,PENDING,SAVINGS,2024-07-27,B13,OK,Y
AL39,C1038,A2038,46032.76,INACTIVE,LOAN,2021-10-15,B2,OK,N
AL40,C1039,A2039,8017.56,ACTIVE,SAVINGS,2024-08-29,B2,OK,Y
AL41,C1040,A2040,,ACTIVE,CURRENT,2021-07-05,B1,OK,Y
AL42,C1041,A2041,21742.09,PENDING,CURRENT,2024-03-26,B5,OK,Y
AL43,C1042,A2042,15854.53,PENDING,LOAN,2020-01-04,B19,OK,Y
AL44,C1043,A2043,14390.57,ACTIVE,CURRENT,2024-06-09,B6,OK,N
AL45,C1044,A2044,16689.12,INACTIVE,SAVINGS,2021-03-26,B18,OK,Y
AL46,C1045,A2045,10875.1,PENDING,LOAN,2022-01-25,B9,OK,Y
AL47,C1046,A2046,44719.87,PENDING,SAVINGS,2022-02-20,B7,OK,N
AL48,C1047,A2047,9501.27,INACTIVE,CURRENT,2024-08-08,B5,OK,N
AL49,C1048,A2048,20606.2,PENDING,LOAN,2021-01-24,B6,OK,Y
AL50,C1049,A2049,48285.18,PENDING,LOAN,2023-12-01,B5,OK,Y
AL51,C1050,A2050,14820.82,INACTIVE,SAVINGS,2024-08-03,B1,,N
AL52,C1051,A2051,38747.28,PENDING,LOAN,2025-06-22,B6,OK,Y
AL53,C1052,A2052,3569.92,INACTIVE,LOAN,2024-11-26,B18,OK,Y
AL54,C1053,A2053,2545.26,INACTIVE,SAVINGS,2022-04-02,B1,OK,Y
AL55,C1054,A2054,22717.18,ACTIVE,LOAN,2025-02-18,B8,OK,N
AL56,C1055,A2055,18401.46,INACTIVE,LOAN,2024-12-23,B13,OK,N
AL57,C1056,A2056,44847.84,ACTIVE,CURRENT,2025-02-22,B5,OK,Y
AL58,C1057,A2057,12097.33,INACTIVE,LOAN,2021-03-03,B1,OK,N
AL59,C1058,A2058,44269.27,INACTIVE,CURRENT,2020-02-19,B4,OK,Y
AL60,C1059,A2059,9769.56,ACTIVE,LOAN,2022-02-05,B8,OK,Y
AL61,C1060,A2060,29676.64,ACTIVE,CURRENT,2020-04-05,B12,OK,N
AL62,C1061,A2061,49312.26,INACTIVE,CURRENT,2024-10-08,B18,OK,Y
AL63,C1062,A2062,10247.11,ACTIVE,LOAN,2021-06-06,B10,OK,N
AL64,C1063,A2063,10599.03,PENDING,LOAN,2020-11-08,B9,OK,Y
AL65,C1064,A2064,25139.62,ACTIVE,LOAN,2024-01-11,B1,OK,N
AL66,C1065,A2065,24686.03,ACTIVE,LOAN,2023-09-08,B6,OK,N
AL67,C1066,A2066,18589.03,PENDING,CURRENT,2023-05-30,B6,OK,N
AL68,C1067,A2067,14246.13,INACTIVE,LOAN,2022-04-27,B12,OK,Y
AL69,C1068,A2068,14168.8,PENDING,CURRENT,2023-05-27,B12,OK,N
AL70,C1069,A2069,40038.94,ACTIVE,LOAN,2021-09-25,B13,OK,N
AL71,C1070,A2070,41788.13,ACTIVE,LOAN,2023-06-14,B12,OK,N
AL72,C1071,A2071,12360.8,INACTIVE,LOAN,2021-12-04,B13,OK,Y
AL73,C1072,A2072,36593.15,ACTIVE,CURRENT,2023-05-12,B5,OK,Y
AL74,C1073,A2073,49493.53,INACTIVE,CURRENT,2022-01-02,B9,OK,N
AL75,C1074,A2074,44005.24,INACTIVE,CURRENT,2023-10-14,B13,OK,N
AL76,C1075,A2075,17672.57,PENDING,LOAN,2020-03-23,B6,,Y
AL77,C1076,A2076,17887.14,ACTIVE,SAVINGS,2022-09-14,B9,OK,N
AL78,C1077,A2077,6757.41,PENDING,CURRENT,2021-02-20,B4,OK,N
AL79,C1078,A2078,33556.03,PENDING,SAVINGS,2024-12-14,B5,OK,N
AL80,C1079,A2079,13709.83,INACTIVE,LOAN,2020-03-28,B14,OK,N
AL81,C1080,A2080,,PENDING,SAVINGS,2021-10-29,B17,OK,Y
AL82,C1081,A2081,12432.25,INACTIVE,SAVINGS,2023-06-27,B1,OK,N
AL83,C1082,A2082,150.52,PENDING,LOAN,2023-07-25,B13,OK,N
AL84,C1083,A2083,14798.38,INACTIVE,LOAN,2021-08-10,B12,OK,N
AL85,C1084,A2084,43127.45,PENDING,CURRENT,2021-06-29,B6,OK,N
AL86,C1085,A2085,19602.21,PENDING,CURRENT,2020-01-21,B11,OK,Y
AL87,C1086,A2086,9406.8,INACTIVE,LOAN,2024-12-03,B12,OK,Y
AL88,C1087,A2087,38149.12,ACTIVE,LOAN,2021-12-27,B9,OK,Y
AL89,C1088,A2088,32609.1,PENDING,CURRENT,2021-05-20,B20,OK,N
AL90,C1089,A2089,9066.39,INACTIVE,SAVINGS,2022-07-05,B11,OK,Y
AL91,C1090,A2090,5563.41,ACTIVE,SAVINGS,2024-06-14,B15,OK,Y
AL92,C1091,A2091,31827.36,ACTIVE,CURRENT,2024-03-03,B10,OK,N
AL93,C1092,A2092,49089.1,PENDING,LOAN,2020-10-23,B13,OK,Y
AL94,C1093,A2093,43549.03,PENDING,SAVINGS,2025-01-17,B6,OK,N
AL95,C1094,A2094,13641.0,INACTIVE,LOAN,2024-12-30,B14,OK,Y
AL96,C1095,A2095,62.87,ACTIVE,CURRENT,2021-01-31,B19,OK,Y
AL97,C1096,A2096,43155.25,ACTIVE,SAVINGS,2024-09-05,B1,OK,N
AL98,C1097,A2097,24789.99,ACTIVE,SAVINGS,2020-05-11,B10,OK,Y
AL99,C1098,A2098,9322.73,INACTIVE,CURRENT,2021-11-22,B12,OK,Y
AL100,C1099,A2099,37669.23,INACTIVE,CURRENT,2023-12-19,B20,OK,Y
AL101,C1100,A2100,46422.36,INACTIVE,CURRENT,2024-08-05,B6,,Y
AL102,C1101,A2101,39405.62,PENDING,LOAN,2020-07-02,B7,OK,N
AL103,C1102,A2102,1360.19,PENDING,CURRENT,2022-01-25,B14,OK,N
AL104,C1103,A2103,34505.45,ACTIVE,CURRENT,2023-03-11,B4,OK,N
AL105,C1104,A2104,16712.6,ACTIVE,SAVINGS,2024-02-18,B4,OK,N
AL106,C1105,A2105,41050.44,ACTIVE,LOAN,2024-11-14,B19,OK,Y
AL107,C1106,A2106,48494.51,ACTIVE,SAVINGS,2024-03-08,B3,OK,N
AL108,C1107,A2107,46768.9,ACTIVE,SAVINGS,2024-08-29,B11,OK,N
AL109,C1108,A2108,33139.59,PENDING,SAVINGS,2025-06-15,B12,OK,Y
AL110,C1109,A2109,26325.15,PENDING,SAVINGS,2021-07-11,B17,OK,Y
AL111,C1110,A2110,1325.14,ACTIVE,CURRENT,2024-10-11,B19,OK,Y
AL112,C1111,A2111,31158.22,ACTIVE,LOAN,2020-09-18,B10,OK,Y
AL113,C1112,A2112,21559.97,ACTIVE,LOAN,2025-01-17,B9,OK,N
AL114,C1113,A2113,11496.65,PENDING,LOAN,2025-03-11,B18,OK,N
AL115,C1114,A2114,48027.72,PENDING,SAVINGS,2024-08-24,B2,OK,N
AL116,C1115,A2115,46343.38,INACTIVE,LOAN,2020-07-05,B14,OK,N
AL117,C1116,A2116,11201.23,INACTIVE,LOAN,2023-07-08,B19,OK,N
AL118,C1117,A2117,41191.35,PENDING,LOAN,2021-06-05,B12,OK,Y
AL119,C1118,A2118,158.42,PENDING,LOAN,2024-01-30,B3,OK,N
AL120,C1119,A2119,9683.92,ACTIVE,CURRENT,2021-02-19,B17,OK,N
AL121,C1120,A2120,,INACTIVE,CURRENT,2022-04-08,B8,OK,N
AL122,C1121,A2121,8353.97,PENDING,CURRENT,2025-02-15,B6,OK,N
AL123,C1122,A2122,20898.85,INACTIVE,LOAN,2024-07-12,B12,OK,Y
AL124,C1123,A2123,39682.27,PENDING,CURRENT,2020-05-31,B8,OK,Y
AL125,C1124,A2124,45053.11,ACTIVE,CURRENT,2021-11-22,B14,OK,N
AL126,C1125,A2125,49335.07,ACTIVE,SAVINGS,2025-03-01,B7,,N
AL127,C1126,A2126,26639.36,INACTIVE,SAVINGS,2023-03-18,B12,OK,N
AL128,C1127,A2127,24131.09,INACTIVE,LOAN,2021-10-03,B1,OK,N
AL129,C1128,A2128,5153.51,ACTIVE,LOAN,2022-08-03,B10,OK,N
AL130,C1129,A2129,17915.0,PENDING,LOAN,2024-11-19,B18,OK,Y
AL131,C1130,A2130,4549.62,INACTIVE,CURRENT,2024-09-16,B13,OK,N
AL132,C1131,A2131,45874.12,PENDING,LOAN,2021-03-15,B11,OK,Y
AL133,C1132,A2132,38200.02,ACTIVE,LOAN,2023-07-22,B17,OK,N
AL134,C1133,A2133,29275.57,PENDING,LOAN,2022-03-20,B7,OK,N
AL135,C1134,A2134,36248.39,INACTIVE,CURRENT,2023-06-27,B11,OK,N
AL136,C1135,A2135,10631.77,ACTIVE,LOAN,2023-12-19,B1,OK,Y
AL137,C1136,A2136,32454.76,INACTIVE,SAVINGS,2022-12-16,B4,OK,N
AL138,C1137,A2137,15442.17,ACTIVE,SAVINGS,2023-02-05,B14,OK,N
AL139,C1138,A2138,3099.96,PENDING,CURRENT,2024-07-13,B18,OK,Y
AL140,C1139,A2139,30109.0,INACTIVE,SAVINGS,2023-03-01,B3,OK,Y
AL141,C1140,A2140,36692.54,INACTIVE,LOAN,2020-08-28,B3,OK,Y
AL142,C1141,A2141,48674.91,PENDING,CURRENT,2023-12-05,B17,OK,N
AL143,C1142,A2142,29484.81,PENDING,LOAN,2024-09-22,B13,OK,Y
AL144,C1143,A2143,15330.31,ACTIVE,SAVINGS,2021-12-03,B1,OK,N
AL145,C1144,A2144,28842.11,ACTIVE,CURRENT,2024-11-06,B9,OK,Y
AL146,C1145,A2145,8350.05,INACTIVE,SAVINGS,2022-03-23,B6,OK,Y
AL147,C1146,A2146,5250.7,PENDING,SAVINGS,2025-01-28,B20,OK,N
AL148,C1147,A2147,45902.16,ACTIVE,SAVINGS,2021-10-06,B13,OK,N
AL149,C1148,A2148,7740.63,PENDING,CURRENT,2020-06-19,B10,OK,N
AL150,C1149,A2149,13045.12,ACTIVE,SAVINGS,2024-04-23,B18,OK,N
AL151,C1150,A2150,31408.94,INACTIVE,CURRENT,2023-06-08,B1,,N
AL152,C1151,A2151,9077.7,PENDING,LOAN,2020-11-06,B8,OK,Y
AL153,C1152,A2152,9758.33,PENDING,LOAN,2021-03-23,B5,OK,N
AL154,C1153,A2153,202.04,INACTIVE,SAVINGS,2022-04-16,B7,OK,N
AL155,C1154,A2154,41170.21,INACTIVE,CURRENT,2021-03-01,B9,OK,N
AL156,C1155,A2155,43633.03,INACTIVE,CURRENT,2024-04-06,B5,OK,N
AL157,C1156,A2156,39796.97,ACTIVE,CURRENT,2021-09-24,B14,OK,N
AL158,C1157,A2157,16230.87,ACTIVE,SAVINGS,2024-09-16,B18,OK,Y
AL159,C1158,A2158,4009.73,INACTIVE,SAVINGS,2023-05-29,B7,OK,Y
AL160,C1159,A2159,5206.96,ACTIVE,LOAN,2023-09-27,B10,OK,N
AL161,C1160,A2160,,INACTIVE,SAVINGS,2024-08-23,B8,OK,N
AL162,C1161,A2161,3877.63,INACTIVE,SAVINGS,2022-09-13,B17,OK,N
AL163,C1162,A2162,23809.47,PENDING,SAVINGS,2022-06-28,B11,OK,N
AL164,C1163,A2163,29695.67,PENDING,CURRENT,2021-12-14,B20,OK,N
AL165,C1164,A2164,29624.54,PENDING,CURRENT,2021-01-23,B12,OK,N
AL166,C1165,A2165,43988.14,INACTIVE,SAVINGS,2020-07-24,B13,OK,N
AL167,C1166,A2166,28572.84,ACTIVE,CURRENT,2021-06-01,B5,OK,N
AL168,C1167,A2167,26543.02,PENDING,SAVINGS,2023-03-02,B17,OK,Y
AL169,C1168,A2168,494.15,PENDING,CURRENT,2025-01-07,B2,OK,N
AL170,C1169,A2169,10036.9,ACTIVE,SAVINGS,2021-05-08,B2,OK,Y
AL171,C1170,A2170,37172.78,ACTIVE,CURRENT,2022-07-29,B19,OK,Y
AL172,C1171,A2171,18288.73,INACTIVE,SAVINGS,2021-01-06,B15,OK,N
AL173,C1172,A2172,18415.56,INACTIVE,SAVINGS,2023-11-18,B16,OK,Y
AL174,C1173,A2173,11402.05,ACTIVE,LOAN,2024-01-07,B3,OK,N
AL175,C1174,A2174,22007.99,ACTIVE,LOAN,2023-05-02,B2,OK,Y
AL176,C1175,A2175,13355.21,ACTIVE,LOAN,2024-08-28,B11,,N
AL177,C1176,A2176,30624.69,ACTIVE,CURRENT,2023-02-04,B19,OK,N
AL178,C1177,A2177,18899.51,INACTIVE,LOAN,2023-01-27,B11,OK,Y
AL179,C1178,A2178,11290.41,PENDING,SAVINGS,2025-05-06,B8,OK,N
AL180,C1179,A2179,15285.08,ACTIVE,CURRENT,2020-01-04,B20,OK,Y
AL181,C1180,A2180,24307.88,ACTIVE,CURRENT,2020-02-01,B7,OK,N
AL182,C1181,A2181,39453.55,INACTIVE,CURRENT,2022-11-08,B8,OK,N
AL183,C1182,A2182,16157.42,INACTIVE,SAVINGS,2021-04-26,B16,OK,Y
AL184,C1183,A2183,11340.09,ACTIVE,SAVINGS,2023-06-27,B6,OK,N
AL185,C1184,A2184,43701.7,INACTIVE,CURRENT,2022-04-13,B11,OK,N
AL186,C1185,A2185,10972.78,ACTIVE,LOAN,2022-04-18,B17,OK,Y
AL187,C1186,A2186,2466.83,ACTIVE,LOAN,2023-04-06,B20,OK,N
AL188,C1187,A2187,41904.81,PENDING,SAVINGS,2024-09-06,B4,OK,Y
AL189,C1188,A2188,29289.78,INACTIVE,CURRENT,2024-12-23,B5,OK,Y
AL190,C1189,A2189,2165.46,ACTIVE,LOAN,2023-02-08,B5,OK,Y
AL191,C1190,A2190,37870.81,PENDING,SAVINGS,2023-06-22,B16,OK,Y
AL192,C1191,A2191,6610.51,ACTIVE,SAVINGS,2021-12-20,B18,OK,Y
AL193,C1192,A2192,46804.63,PENDING,LOAN,2025-06-17,B6,OK,Y
AL194,C1193,A2193,3586.59,INACTIVE,LOAN,2022-05-20,B2,OK,N
AL195,C1194,A2194,26615.57,PENDING,SAVINGS,2021-09-16,B2,OK,N
AL196,C1195,A2195,5149.27,ACTIVE,LOAN,2024-08-25,B16,OK,Y
AL197,C1196,A2196,44901.23,INACTIVE,CURRENT,2024-11-28,B19,OK,Y
AL198,C1197,A2197,28973.2,ACTIVE,LOAN,2022-12-31,B5,OK,Y
AL199,C1198,A2198,22066.56,PENDING,SAVINGS,2021-03-01,B7,OK,Y
AL200,C1199,A2199,49164.85,ACTIVE,SAVINGS,2024-07-10,B8,OK,Y
AL201,C1200,A2200,,PENDING,SAVINGS,2023-07-12,B19,,Y
AL202,C1201,A2201,11968.6,ACTIVE,LOAN,2022-12-01,B15,OK,Y
AL203,C1202,A2202,1728.1,ACTIVE,CURRENT,2021-08-29,B6,OK,Y
AL204,C1203,A2203,14979.84,PENDING,CURRENT,2023-10-29,B4,OK,Y
AL205,C1204,A2204,8256.79,INACTIVE,CURRENT,2022-01-13,B14,OK,Y
AL206,C1205,A2205,46066.75,INACTIVE,CURRENT,2022-07-11,B17,OK,Y
AL207,C1206,A2206,44251.67,INACTIVE,CURRENT,2022-05-23,B3,OK,Y
AL208,C1207,A2207,39158.96,ACTIVE,LOAN,2024-05-27,B11,OK,Y
AL209,C1208,A2208,28089.18,ACTIVE,SAVINGS,2023-05-31,B15,OK,Y
AL210,C1209,A2209,5629.33,PENDING,LOAN,2022-12-19,B15,OK,N
AL211,C1210,A2210,30399.76,INACTIVE,SAVINGS,2022-08-25,B1,OK,N
AL212,C1211,A2211,2163.44,PENDING,CURRENT,2021-12-15,B17,OK,Y
AL213,C1212,A2212,16025.09,INACTIVE,SAVINGS,2023-05-08,B12,OK,N
AL214,C1213,A2213,13085.07,PENDING,CURRENT,2024-08-29,B6,OK,N
AL215,C1214,A2214,27432.67,ACTIVE,LOAN,2022-08-30,B12,OK,N
AL216,C1215,A2215,31775.26,ACTIVE,SAVINGS,2022-12-02,B11,OK,Y
AL217,C1216,A2216,39435.82,ACTIVE,CURRENT,2023-01-21,B7,OK,Y
AL218,C1217,A2217,2339.64,PENDING,SAVINGS,2024-03-17,B12,OK,N
AL219,C1218,A2218,443.59,INACTIVE,CURRENT,2022-01-23,B8,OK,N
AL220,C1219,A2219,36978.6,ACTIVE,SAVINGS,2023-06-02,B13,OK,N
AL221,C1220,A2220,27971.35,ACTIVE,LOAN,2020-12-05,B15,OK,N
AL222,C1221,A2221,23049.96,INACTIVE,CURRENT,2022-11-03,B17,OK,N
AL223,C1222,A2222,47919.31,ACTIVE,CURRENT,2024-08-11,B19,OK,Y
AL224,C1223,A2223,14622.84,PENDING,SAVINGS,2021-07-04,B17,OK,Y
AL225,C1224,A2224,2023.86,ACTIVE,LOAN,2024-01-17,B14,OK,Y
AL226,C1225,A2225,8623.53,INACTIVE,SAVINGS,2023-04-22,B1,,N
AL227,C1226,A2226,38723.69,PENDING,CURRENT,2023-10-17,B16,OK,N
AL228,C1227,A2227,10109.84,PENDING,CURRENT,2024-03-05,B2,OK,N
AL229,C1228,A2228,12254.24,ACTIVE,CURRENT,2021-11-10,B5,OK,N
AL230,C1229,A2229,20056.11,ACTIVE,CURRENT,2025-04-12,B1,OK,Y
AL231,C1230,A2230,43805.45,PENDING,LOAN,2024-07-03,B4,OK,Y
AL232,C1231,A2231,8489.5,INACTIVE,SAVINGS,2021-01-09,B15,OK,Y
AL233,C1232,A2232,17767.58,ACTIVE,CURRENT,2024-02-29,B8,OK,N
AL234,C1233,A2233,30364.01,INACTIVE,LOAN,2021-04-28,B14,OK,N
AL235,C1234,A2234,42106.55,INACTIVE,CURRENT,2024-08-25,B4,OK,Y
AL236,C1235,A2235,46150.02,INACTIVE,LOAN,2020-09-29,B13,OK,N
AL237,C1236,A2236,39300.01,PENDING,CURRENT,2023-10-20,B3,OK,N
AL238,C1237,A2237,6068.76,INACTIVE,LOAN,2020-07-26,B16,OK,Y
AL239,C1238,A2238,41187.29,ACTIVE,LOAN,2025-03-27,B8,OK,Y
AL240,C1239,A2239,31232.03,INACTIVE,LOAN,2020-02-22,B2,OK,N
AL241,C1240,A2240,,INACTIVE,LOAN,2020-06-22,B4,OK,N
AL242,C1241,A2241,18974.75,ACTIVE,SAVINGS,2022-05-14,B15,OK,Y
AL243,C1242,A2242,29933.88,INACTIVE,LOAN,2020-01-07,B17,OK,N
AL244,C1243,A2243,4422.18,INACTIVE,SAVINGS,2021-11-03,B9,OK,Y
AL245,C1244,A2244,30089.89,ACTIVE,CURRENT,2023-02-07,B8,OK,Y
AL246,C1245,A2245,25645.08,PENDING,SAVINGS,2020-04-13,B2,OK,N
AL247,C1246,A2246,2198.07,INACTIVE,LOAN,2022-03-06,B17,OK,N
AL248,C1247,A2247,39110.86,INACTIVE,CURRENT,2020-06-20,B14,OK,N
AL249,C1248,A2248,24340.37,ACTIVE,CURRENT,2024-10-05,B19,OK,Y
AL250,C1249,A2249,28872.7,INACTIVE,LOAN,2020-07-04,B9,OK,Y
AL251,C1250,A2250,8259.95,ACTIVE,CURRENT,2023-01-07,B4,,N
AL252,C1251,A2251,21355.55,INACTIVE,CURRENT,2025-04-16,B17,OK,Y
AL253,C1252,A2252,28558.27,PENDING,CURRENT,2023-05-31,B9,OK,N
AL254,C1253,A2253,44092.19,INACTIVE,SAVINGS,2023-06-16,B16,OK,N
AL255,C1254,A2254,41401.7,INACTIVE,SAVINGS,2020-08-30,B14,OK,N
AL256,C1255,A2255,15622.33,ACTIVE,LOAN,2023-01-10,B4,OK,N
AL257,C1256,A2256,12551.84,PENDING,LOAN,2022-07-19,B6,OK,Y
AL258,C1257,A2257,15361.24,PENDING,CURRENT,2020-05-15,B9,OK,Y
AL259,C1258,A2258,43238.22,PENDING,SAVINGS,2020-01-01,B10,OK,Y
AL260,C1259,A2259,49302.27,PENDING,SAVINGS,2021-10-02,B4,OK,N
AL261,C1260,A2260,16903.85,INACTIVE,LOAN,2020-05-11,B5,OK,Y
AL262,C1261,A2261,24162.97,ACTIVE,LOAN,2020-12-28,B11,OK,Y
AL263,C1262,A2262,35742.67,ACTIVE,CURRENT,2022-09-16,B13,OK,Y
AL264,C1263,A2263,38469.04,PENDING,SAVINGS,2024-10-11,B13,OK,Y
AL265,C1264,A2264,31426.04,ACTIVE,SAVINGS,2022-05-27,B17,OK,Y
AL266,C1265,A2265,548.17,PENDING,CURRENT,2024-05-24,B6,OK,N
AL267,C1266,A2266,13704.4,INACTIVE,LOAN,2022-02-19,B11,OK,Y
AL268,C1267,A2267,46509.95,PENDING,CURRENT,2022-10-11,B13,OK,N
AL269,C1268,A2268,42135.81,ACTIVE,CURRENT,2021-10-25,B20,OK,N
AL270,C1269,A2269,29378.12,ACTIVE,LOAN,2021-11-06,B7,OK,Y
AL271,C1270,A2270,34508.93,PENDING,CURRENT,2021-09-18,B16,OK,N
AL272,C1271,A2271,18164.4,INACTIVE,LOAN,2022-10-07,B5,OK,Y
AL273,C1272,A2272,36635.56,ACTIVE,CURRENT,2025-01-13,B11,OK,Y
AL274,C1273,A2273,31687.2,PENDING,LOAN,2023-11-25,B14,OK,N
AL275,C1274,A2274,490.56,INACTIVE,SAVINGS,2022-04-26,B13,OK,Y
AL276,C1275,A2275,10018.37,INACTIVE,SAVINGS,2020-12-16,B8,,N
AL277,C1276,A2276,18414.01,ACTIVE,SAVINGS,2024-12-11,B20,OK,Y
AL278,C1277,A2277,35482.7,ACTIVE,CURRENT,2022-03-05,B13,OK,N
AL279,C1278,A2278,38746.4,PENDING,LOAN,2025-06-14,B4,OK,N
AL280,C1279,A2279,16314.68,INACTIVE,SAVINGS,2021-10-02,B11,OK,N
AL281,C1280,A2280,,PENDING,CURRENT,2022-02-25,B1,OK,N
AL282,C1281,A2281,1764.43,INACTIVE,LOAN,2023-10-31,B3,OK,Y
AL283,C1282,A2282,27917.41,PENDING,LOAN,2021-12-30,B10,OK,Y
AL284,C1283,A2283,11773.56,INACTIVE,SAVINGS,2022-04-09,B16,OK,N
AL285,C1284,A2284,47026.38,INACTIVE,LOAN,2025-03-17,B9,OK,N
AL286,C1285,A2285,37078.46,INACTIVE,SAVINGS,2022-03-07,B8,OK,N
AL287,C1286,A2286,41205.48,PENDING,LOAN,2021-09-20,B16,OK,N
AL288,C1287,A2287,47084.76,PENDING,CURRENT,2024-10-27,B16,OK,Y
AL289,C1288,A2288,18786.32,ACTIVE,CURRENT,2020-01-29,B17,OK,Y
AL290,C1289,A2289,30193.37,INACTIVE,LOAN,2022-03-15,B6,OK,N
AL291,C1290,A2290,34924.83,ACTIVE,CURRENT,2021-03-07,B5,OK,N
AL292,C1291,A2291,20337.64,PENDING,CURRENT,2021-02-15,B5,OK,Y
AL293,C1292,A2292,442.9,PENDING,LOAN,2022-10-26,B18,OK,N
AL294,C1293,A2293,30631.25,PENDING,CURRENT,2020-10-07,B8,OK,N
AL295,C1294,A2294,19737.36,PENDING,LOAN,2024-11-17,B4,OK,N
AL296,C1295,A2295,34530.96,ACTIVE,LOAN,2022-04-20,B3,OK,N
AL297,C1296,A2296,7317.41,INACTIVE,CURRENT,2022-05-31,B18,OK,Y
AL298,C1297,A2297,4990.61,INACTIVE,CURRENT,2020-03-10,B2,OK,N
AL299,C1298,A2298,6309.71,ACTIVE,SAVINGS,2021-12-09,B2,OK,N
AL300,C1299,A2299,9976.39,ACTIVE,SAVINGS,2022-05-19,B20,OK,N
AL301,C1300,A2300,24931.83,PENDING,LOAN,2022-09-21,B19,,N
AL302,C1301,A2301,25816.16,INACTIVE,LOAN,2025-03-24,B19,OK,Y
AL303,C1302,A2302,22285.53,ACTIVE,LOAN,2024-08-19,B10,OK,N
AL304,C1303,A2303,23870.92,INACTIVE,CURRENT,2021-10-02,B7,OK,Y
AL305,C1304,A2304,10256.82,PENDING,CURRENT,2022-07-23,B6,OK,N
AL306,C1305,A2305,43421.88,PENDING,SAVINGS,2020-08-15,B3,OK,Y
AL307,C1306,A2306,41692.22,INACTIVE,LOAN,2024-01-02,B12,OK,Y
AL308,C1307,A2307,26124.63,ACTIVE,SAVINGS,2024-07-09,B3,OK,Y
AL309,C1308,A2308,3291.98,ACTIVE,CURRENT,2025-06-15,B9,OK,N
AL310,C1309,A2309,42389.71,INACTIVE,CURRENT,2025-02-19,B3,OK,N
AL311,C1310,A2310,26476.85,INACTIVE,CURRENT,2025-06-15,B10,OK,N
AL312,C1311,A2311,20891.26,ACTIVE,CURRENT,2020-02-27,B11,OK,N
AL313,C1312,A2312,29373.29,PENDING,CURRENT,2021-09-04,B12,OK,N
AL314,C1313,A2313,25545.65,ACTIVE,LOAN,2021-08-24,B14,OK,Y
AL315,C1314,A2314,47866.67,ACTIVE,CURRENT,2025-03-22,B19,OK,Y
AL316,C1315,A2315,18284.53,INACTIVE,CURRENT,2022-01-27,B15,OK,Y
AL317,C1316,A2316,12763.01,ACTIVE,LOAN,2021-07-19,B3,OK,Y
AL318,C1317,A2317,1625.9,ACTIVE,CURRENT,2020-08-02,B14,OK,Y
AL319,C1318,A2318,4481.59,INACTIVE,CURRENT,2020-01-27,B5,OK,Y
AL320,C1319,A2319,29944.14,INACTIVE,SAVINGS,2024-09-14,B6,OK,N
AL321,C1320,A2320,,ACTIVE,LOAN,2023-12-22,B16,OK,Y
AL322,C1321,A2321,35968.55,INACTIVE,SAVINGS,2024-03-23,B1,OK,Y
AL323,C1322,A2322,29715.07,ACTIVE,CURRENT,2023-06-16,B1,OK,N
AL324,C1323,A2323,42237.95,ACTIVE,CURRENT,2022-04-02,B16,OK,Y
AL325,C1324,A2324,14178.98,INACTIVE,SAVINGS,2023-03-14,B17,OK,N
AL326,C1325,A2325,4530.12,INACTIVE,SAVINGS,2021-08-21,B5,,Y
AL327,C1326,A2326,35506.8,INACTIVE,CURRENT,2023-02-26,B16,OK,Y
AL328,C1327,A2327,813.45,PENDING,SAVINGS,2024-07-15,B3,OK,N
AL329,C1328,A2328,44941.18,ACTIVE,LOAN,2025-01-08,B8,OK,Y
AL330,C1329,A2329,4383.94,ACTIVE,CURRENT,2020-07-09,B17,OK,N
AL331,C1330,A2330,11728.58,ACTIVE,SAVINGS,2021-05-11,B12,OK,N
AL332,C1331,A2331,10576.06,PENDING,CURRENT,2024-12-25,B4,OK,N
AL333,C1332,A2332,1750.23,ACTIVE,CURRENT,2020-07-27,B2,OK,N
AL334,C1333,A2333,11005.47,INACTIVE,CURRENT,2021-01-15,B17,OK,Y
AL335,C1334,A2334,28564.69,PENDING,LOAN,2021-10-06,B6,OK,Y
AL336,C1335,A2335,34771.07,INACTIVE,SAVINGS,2021-11-04,B19,OK,Y
AL337,C1336,A2336,35138.04,PENDING,SAVINGS,2021-08-04,B12,OK,Y
AL338,C1337,A2337,43927.55,ACTIVE,LOAN,2025-05-09,B7,OK,Y
AL339,C1338,A2338,1675.48,ACTIVE,SAVINGS,2020-01-10,B5,OK,Y
AL340,C1339,A2339,31455.71,PENDING,SAVINGS,2021-07-05,B5,OK,N
AL341,C1340,A2340,49583.45,PENDING,LOAN,2023-04-21,B12,OK,N
AL342,C1341,A2341,494.32,INACTIVE,LOAN,2021-10-18,B17,OK,N
AL343,C1342,A2342,42392.71,PENDING,CURRENT,2023-04-14,B7,OK,N
AL344,C1343,A2343,30645.41,ACTIVE,CURRENT,2022-07-04,B20,OK,N
AL345,C1344,A2344,42903.78,ACTIVE,CURRENT,2024-07-29,B19,OK,N
AL346,C1345,A2345,42880.22,INACTIVE,CURRENT,2020-11-14,B8,OK,N
AL347,C1346,A2346,42114.91,ACTIVE,SAVINGS,2021-09-23,B7,OK,N
AL348,C1347,A2347,46134.48,INACTIVE,LOAN,2022-06-29,B5,OK,Y
AL349,C1348,A2348,14163.31,INACTIVE,CURRENT,2021-07-07,B20,OK,Y
AL350,C1349,A2349,46324.04,PENDING,LOAN,2022-10-20,B7,OK,Y
AL351,C1350,A2350,27173.68,ACTIVE,SAVINGS,2021-03-19,B13,,Y
AL352,C1351,A2351,37655.98,ACTIVE,CURRENT,2023-01-04,B7,OK,N
AL353,C1352,A2352,17172.82,INACTIVE,SAVINGS,2023-10-10,B18,OK,N
AL354,C1353,A2353,38344.71,PENDING,LOAN,2022-07-22,B15,OK,Y
AL355,C1354,A2354,3495.42,PENDING,SAVINGS,2021-10-12,B12,OK,N
AL356,C1355,A2355,5604.38,ACTIVE,SAVINGS,2025-05-28,B7,OK,Y
AL357,C1356,A2356,4607.18,INACTIVE,CURRENT,2024-12-28,B8,OK,N
AL358,C1357,A2357,42233.7,INACTIVE,LOAN,2024-12-04,B12,OK,N
AL359,C1358,A2358,1455.11,ACTIVE,CURRENT,2020-04-24,B6,OK,N
AL360,C1359,A2359,10779.7,ACTIVE,CURRENT,2020-01-25,B12,OK,Y
AL361,C1360,A2360,,ACTIVE,CURRENT,2023-12-10,B3,OK,Y
AL362,C1361,A2361,34347.04,ACTIVE,LOAN,2022-03-29,B17,OK,Y
AL363,C1362,A2362,16170.03,PENDING,LOAN,2022-11-18,B10,OK,Y
AL364,C1363,A2363,9447.08,PENDING,SAVINGS,2025-04-10,B2,OK,N
AL365,C1364,A2364,48151.27,INACTIVE,SAVINGS,2021-07-02,B1,OK,Y
AL366,C1365,A2365,39353.97,INACTIVE,SAVINGS,2024-10-21,B19,OK,N
AL367,C1366,A2366,34696.84,INACTIVE,CURRENT,2024-05-13,B19,OK,N
AL368,C1367,A2367,32832.18,PENDING,CURRENT,2023-09-13,B8,OK,N
AL369,C1368,A2368,31649.92,INACTIVE,CURRENT,2021-08-25,B10,OK,Y
AL370,C1369,A2369,16295.27,PENDING,SAVINGS,2024-10-27,B11,OK,N
AL371,C1370,A2370,14326.28,PENDING,LOAN,2023-09-17,B12,OK,Y
AL372,C1371,A2371,8356.08,INACTIVE,LOAN,2024-02-27,B10,OK,Y
AL373,C1372,A2372,46367.95,PENDING,CURRENT,2025-01-10,B15,OK,Y
AL374,C1373,A2373,13427.64,INACTIVE,CURRENT,2024-07-07,B2,OK,Y
AL375,C1374,A2374,42605.6,INACTIVE,CURRENT,2022-03-15,B18,OK,N
AL376,C1375,A2375,11208.06,ACTIVE,LOAN,2022-10-09,B18,,N
AL377,C1376,A2376,46496.39,PENDING,LOAN,2024-01-09,B16,OK,Y
AL378,C1377,A2377,7935.23,ACTIVE,CURRENT,2020-04-04,B11,OK,Y
AL379,C1378,A2378,38005.14,ACTIVE,SAVINGS,2024-03-09,B8,OK,N
AL380,C1379,A2379,33985.49,PENDING,SAVINGS,2020-02-17,B12,OK,N
AL381,C1380,A2380,10032.73,ACTIVE,CURRENT,2024-06-08,B1,OK,N
AL382,C1381,A2381,8685.38,ACTIVE,CURRENT,2025-01-25,B12,OK,N
AL383,C1382,A2382,12164.44,PENDING,SAVINGS,2020-11-19,B12,OK,Y
AL384,C1383,A2383,45820.88,PENDING,LOAN,2024-12-28,B20,OK,Y
AL385,C1384,A2384,19573.75,PENDING,CURRENT,2021-05-01,B15,OK,Y
AL386,C1385,A2385,46045.69,INACTIVE,CURRENT,2020-12-15,B12,OK,Y
AL387,C1386,A2386,26556.04,ACTIVE,CURRENT,2025-04-11,B12,OK,Y
AL388,C1387,A2387,47854.84,PENDING,SAVINGS,2021-08-07,B9,OK,N
AL389,C1388,A2388,14492.71,INACTIVE,SAVINGS,2022-08-16,B18,OK,N
AL390,C1389,A2389,21565.52,PENDING,SAVINGS,2022-07-14,B14,OK,Y
AL391,C1390,A2390,43250.51,PENDING,CURRENT,2024-04-08,B9,OK,Y
AL392,C1391,A2391,38411.32,INACTIVE,SAVINGS,2023-01-23,B10,OK,N
AL393,C1392,A2392,14050.59,PENDING,LOAN,2020-06-29,B1,OK,Y
AL394,C1393,A2393,49865.71,INACTIVE,LOAN,2023-08-08,B16,OK,N
AL395,C1394,A2394,29164.24,PENDING,LOAN,2025-01-23,B16,OK,Y
AL396,C1395,A2395,15619.22,INACTIVE,SAVINGS,2024-08-23,B3,OK,N
AL397,C1396,A2396,17290.12,ACTIVE,CURRENT,2024-06-29,B12,OK,Y
AL398,C1397,A2397,27814.71,INACTIVE,SAVINGS,2022-06-21,B11,OK,N
AL399,C1398,A2398,12272.73,PENDING,CURRENT,2025-05-25,B4,OK,N
AL400,C1399,A2399,22171.39,PENDING,SAVINGS,2023-08-16,B20,OK,Y
AL401,C1400,A2400,,ACTIVE,SAVINGS,2024-02-01,B1,,N
AL402,C1401,A2401,567.84,PENDING,CURRENT,2023-06-22,B2,OK,N
AL403,C1402,A2402,11950.23,ACTIVE,LOAN,2022-02-03,B15,OK,Y
AL404,C1403,A2403,32186.12,ACTIVE,LOAN,2020-06-05,B15,OK,Y
AL405,C1404,A2404,3771.1,ACTIVE,SAVINGS,2024-08-09,B7,OK,Y
AL406,C1405,A2405,22027.83,INACTIVE,LOAN,2022-01-23,B3,OK,N
AL407,C1406,A2406,35436.36,PENDING,CURRENT,2023-02-27,B4,OK,Y
AL408,C1407,A2407,47538.99,PENDING,SAVINGS,2022-06-28,B3,OK,Y
AL409,C1408,A2408,47928.88,PENDING,CURRENT,2021-11-16,B17,OK,N
AL410,C1409,A2409,37659.55,ACTIVE,SAVINGS,2023-05-14,B10,OK,Y
AL411,C1410,A2410,14464.78,PENDING,SAVINGS,2020-06-26,B2,OK,N
AL412,C1411,A2411,39201.5,INACTIVE,LOAN,2020-09-07,B2,OK,Y
AL413,C1412,A2412,42328.27,PENDING,SAVINGS,2020-02-11,B18,OK,Y
AL414,C1413,A2413,17265.95,INACTIVE,LOAN,2022-02-03,B8,OK,N
AL415,C1414,A2414,30572.31,INACTIVE,LOAN,2022-07-10,B5,OK,N
AL416,C1415,A2415,37031.14,PENDING,LOAN,2024-03-17,B15,OK,N
AL417,C1416,A2416,10144.96,INACTIVE,SAVINGS,2023-09-12,B14,OK,N
AL418,C1417,A2417,8960.46,PENDING,SAVINGS,2020-06-05,B18,OK,Y
AL419,C1418,A2418,32054.38,ACTIVE,SAVINGS,2021-08-25,B20,OK,N
AL420,C1419,A2419,8494.57,INACTIVE,SAVINGS,2025-01-27,B5,OK,Y
AL421,C1420,A2420,45312.64,INACTIVE,SAVINGS,2023-02-05,B18,OK,Y
AL422,C1421,A2421,16463.95,INACTIVE,LOAN,2024-11-30,B11,OK,Y
AL423,C1422,A2422,29218.63,PENDING,SAVINGS,2022-09-17,B3,OK,N
AL424,C1423,A2423,44881.18,ACTIVE,SAVINGS,2023-06-22,B3,OK,Y
AL425,C1424,A2424,36240.85,ACTIVE,LOAN,2021-04-10,B8,OK,N
AL426,C1425,A2425,47510.4,PENDING,CURRENT,2021-11-25,B5,,Y
AL427,C1426,A2426,33787.94,INACTIVE,SAVINGS,2020-04-25,B15,OK,Y
AL428,C1427,A2427,2476.27,PENDING,SAVINGS,2023-05-30,B9,OK,N
AL429,C1428,A2428,28924.41,ACTIVE,SAVINGS,2021-12-04,B20,OK,N
AL430,C1429,A2429,33515.0,PENDING,CURRENT,2020-07-24,B2,OK,N
AL431,C1430,A2430,30160.3,ACTIVE,SAVINGS,2023-01-06,B12,OK,N
AL432,C1431,A2431,38810.79,INACTIVE,LOAN,2020-01-01,B15,OK,N
AL433,C1432,A2432,26302.12,ACTIVE,CURRENT,2020-05-07,B16,OK,Y
AL434,C1433,A2433,38435.57,ACTIVE,LOAN,2024-12-20,B9,OK,Y
AL435,C1434,A2434,10645.21,ACTIVE,SAVINGS,2023-06-21,B5,OK,N
AL436,C1435,A2435,49484.14,ACTIVE,LOAN,2022-03-30,B12,OK,Y
AL437,C1436,A2436,4762.69,PENDING,SAVINGS,2024-11-07,B1,OK,N
AL438,C1437,A2437,32916.33,PENDING,CURRENT,2025-06-19,B4,OK,Y
AL439,C1438,A2438,13493.18,ACTIVE,LOAN,2025-05-05,B1,OK,Y
AL440,C1439,A2439,16024.24,ACTIVE,LOAN,2023-09-28,B9,OK,N
AL441,C1440,A2440,,ACTIVE,CURRENT,2020-07-02,B18,OK,N
AL442,C1441,A2441,14967.08,ACTIVE,SAVINGS,2025-03-29,B17,OK,Y
AL443,C1442,A2442,32930.0,PENDING,CURRENT,2021-02-24,B12,OK,N
AL444,C1443,A2443,33247.58,PENDING,LOAN,2020-08-27,B15,OK,N
AL445,C1444,A2444,33536.88,ACTIVE,LOAN,2022-11-18,B5,OK,N
AL446,C1445,A2445,45762.41,PENDING,CURRENT,2021-04-10,B16,OK,Y
AL447,C1446,A2446,35995.26,PENDING,LOAN,2022-10-26,B18,OK,Y
AL448,C1447,A2447,14005.64,INACTIVE,CURRENT,2022-10-24,B19,OK,N
AL449,C1448,A2448,31316.99,PENDING,SAVINGS,2020-11-08,B10,OK,N
AL450,C1449,A2449,27471.14,INACTIVE,SAVINGS,2022-01-28,B7,OK,Y
AL451,C1450,A2450,17857.4,PENDING,LOAN,2023-08-07,B5,,Y
AL452,C1451,A2451,31284.98,ACTIVE,SAVINGS,2020-08-20,B20,OK,N
AL453,C1452,A2452,43556.63,INACTIVE,SAVINGS,2023-04-25,B20,OK,N
AL454,C1453,A2453,30490.68,INACTIVE,CURRENT,2022-11-23,B19,OK,Y
AL455,C1454,A2454,45372.59,PENDING,SAVINGS,2021-03-20,B9,OK,N
AL456,C1455,A2455,13095.45,ACTIVE,CURRENT,2023-12-13,B16,OK,N
AL457,C1456,A2456,35113.83,INACTIVE,SAVINGS,2023-10-31,B11,OK,Y
AL458,C1457,A2457,18361.08,PENDING,SAVINGS,2024-01-12,B11,OK,Y
AL459,C1458,A2458,19833.57,ACTIVE,CURRENT,2021-05-16,B9,OK,N
AL460,C1459,A2459,38248.28,PENDING,SAVINGS,2020-12-03,B13,OK,N
AL461,C1460,A2460,4567.38,PENDING,CURRENT,2021-04-12,B3,OK,Y
AL462,C1461,A2461,21080.24,ACTIVE,LOAN,2023-08-03,B14,OK,N
AL463,C1462,A2462,42861.54,INACTIVE,CURRENT,2025-02-25,B11,OK,N
AL464,C1463,A2463,26463.23,INACTIVE,LOAN,2023-06-04,B8,OK,N
AL465,C1464,A2464,1131.65,PENDING,CURRENT,2023-02-28,B3,OK,N
AL466,C1465,A2465,34161.95,INACTIVE,SAVINGS,2025-06-05,B2,OK,Y
AL467,C1466,A2466,27613.88,PENDING,SAVINGS,2021-07-17,B12,OK,Y
AL468,C1467,A2467,15688.64,INACTIVE,LOAN,2021-03-29,B12,OK,Y
AL469,C1468,A2468,25981.23,PENDING,CURRENT,2020-09-13,B16,OK,N
AL470,C1469,A2469,21499.1,PENDING,CURRENT,2024-06-16,B2,OK,N
AL471,C1470,A2470,47497.81,INACTIVE,LOAN,2024-01-24,B16,OK,Y
AL472,C1471,A2471,24242.05,INACTIVE,LOAN,2020-04-01,B9,OK,N
AL473,C1472,A2472,37292.99,PENDING,CURRENT,2020-01-05,B16,OK,N
AL474,C1473,A2473,19647.66,PENDING,LOAN,2022-06-01,B2,OK,Y
AL475,C1474,A2474,15032.67,ACTIVE,SAVINGS,2024-01-02,B5,OK,N
AL476,C1475,A2475,42156.91,PENDING,LOAN,2024-03-06,B18,,N
AL477,C1476,A2476,34734.89,INACTIVE,SAVINGS,2020-04-11,B6,OK,Y
AL478,C1477,A2477,47477.2,PENDING,CURRENT,2021-04-14,B6,OK,Y
AL479,C1478,A2478,6060.65,PENDING,CURRENT,2022-09-08,B12,OK,N
AL480,C1479,A2479,34164.39,INACTIVE,SAVINGS,2023-10-16,B13,OK,N
AL481,C1480,A2480,,INACTIVE,CURRENT,2025-05-22,B8,OK,N
AL482,C1481,A2481,32029.48,ACTIVE,SAVINGS,2021-11-13,B1,OK,N
AL483,C1482,A2482,933.12,INACTIVE,LOAN,2022-11-07,B13,OK,N
AL484,C1483,A2483,21417.37,PENDING,LOAN,2021-12-05,B18,OK,Y
AL485,C1484,A2484,814.07,INACTIVE,CURRENT,2022-02-13,B6,OK,Y
AL486,C1485,A2485,43799.54,INACTIVE,SAVINGS,2023-12-31,B6,OK,Y
AL487,C1486,A2486,25667.09,ACTIVE,CURRENT,2025-02-13,B11,OK,N
AL488,C1487,A2487,34735.43,PENDING,SAVINGS,2020-01-25,B6,OK,Y
AL489,C1488,A2488,26618.1,INACTIVE,LOAN,2022-02-25,B19,OK,Y
AL490,C1489,A2489,11058.32,PENDING,CURRENT,2024-08-08,B2,OK,N
AL491,C1490,A2490,44326.47,ACTIVE,SAVINGS,2023-01-06,B8,OK,Y
AL492,C1491,A2491,1428.5,PENDING,SAVINGS,2021-09-10,B12,OK,N
AL493,C1492,A2492,1997.54,PENDING,LOAN,2021-05-04,B3,OK,Y
AL494,C1493,A2493,13084.32,INACTIVE,CURRENT,2022-11-06,B14,OK,Y
AL495,C1494,A2494,35439.87,ACTIVE,CURRENT,2021-03-18,B10,OK,Y
AL496,C1495,A2495,9292.12,ACTIVE,SAVINGS,2020-02-17,B18,OK,Y
AL497,C1496,A2496,21782.34,INACTIVE,LOAN,2023-02-21,B20,OK,Y
AL498,C1497,A2497,25129.46,INACTIVE,SAVINGS,2023-11-14,B13,OK,Y
AL499,C1498,A2498,32099.3,ACTIVE,SAVINGS,2021-02-21,B13,OK,N
AL500,C1499,A2499,2846.84,INACTIVE,SAVINGS,2022-10-13,B13,OK,N
