document_id,customer_id,account_id,amount,status,type,date,branch,remarks,flag
DO1,C1000,A2000,,ACTIVE,CURRENT,2024-04-26,B2,,Y
DO2,C1001,A2001,36409.87,PENDING,SAVINGS,2022-01-25,B7,OK,N
DO3,C1002,A2002,35891.26,ACTIVE,LOAN,2021-11-07,B11,OK,N
DO4,C1003,A2003,46431.71,INACTIVE,LOAN,2021-06-11,B7,OK,N
DO5,C1004,A2004,26091.56,INACTIVE,SAVINGS,2025-01-03,B4,OK,Y
DO6,C1005,A2005,2825.35,ACTIVE,CURRENT,2022-12-25,B7,OK,N
DO7,C1006,A2006,39616.94,INACTIVE,LOAN,2024-12-06,B3,OK,N
DO8,C1007,A2007,10550.64,ACTIVE,CURRENT,2024-05-10,B8,OK,Y
DO9,C1008,A2008,12202.06,INACTIVE,LOAN,2024-05-30,B13,OK,N
DO10,C1009,A2009,30855.35,ACTIVE,LOAN,2020-09-30,B11,OK,N
DO11,C1010,A2010,2403.19,INACTIVE,CURRENT,2022-05-13,B20,OK,Y
DO12,C1011,A2011,36539.33,ACTIVE,LOAN,2024-11-20,B1,OK,Y
DO13,C1012,A2012,18830.66,INACTIVE,LOAN,2023-09-30,B20,OK,Y
DO14,C1013,A2013,4396.29,ACTIVE,LOAN,2022-11-09,B6,OK,N
DO15,C1014,A2014,40399.42,INACTIVE,CURRENT,2020-07-10,B17,OK,N
DO16,C1015,A2015,15552.57,ACTIVE,SAVINGS,2024-01-18,B12,OK,N
DO17,C1016,A2016,22028.45,ACTIVE,LOAN,2023-09-26,B16,OK,Y
DO18,C1017,A2017,19798.98,INACTIVE,SAVINGS,2024-12-05,B4,OK,Y
DO19,C1018,A2018,3424.72,PENDING,LOAN,2024-11-22,B16,OK,Y
DO20,C1019,A2019,18916.68,INACTIVE,LOAN,2022-11-20,B17,OK,N
DO21,C1020,A2020,5131.59,PENDING,LOAN,2021-06-13,B9,OK,N
DO22,C1021,A2021,18247.09,PENDING,CURRENT,2025-01-26,B12,OK,Y
DO23,C1022,A2022,7839.62,PENDING,LOAN,2022-02-07,B8,OK,Y
DO24,C1023,A2023,27418.86,PENDING,LOAN,2023-11-22,B7,OK,Y
DO25,C1024,A2024,11462.75,ACTIVE,CURRENT,2023-02-21,B4,OK,Y
DO26,C1025,A2025,31638.97,INACTIVE,LOAN,2020-08-14,B15,,N
DO27,C1026,A2026,7898.47,ACTIVE,LOAN,2024-12-10,B3,OK,Y
DO28,C1027,A2027,25043.34,INACTIVE,CURRENT,2024-06-18,B20,OK,N
DO29,C1028,A2028,36332.34,INACTIVE,SAVINGS,2022-05-29,B17,OK,N
DO30,C1029,A2029,9911.88,INACTIVE,LOAN,2022-04-25,B9,OK,N
DO31,C1030,A2030,8480.07,ACTIVE,SAVINGS,2023-08-15,B10,OK,N
DO32,C1031,A2031,26890.11,ACTIVE,SAVINGS,2023-02-02,B4,OK,Y
DO33,C1032,A2032,14272.33,PENDING,SAVINGS,2020-02-22,B11,OK,N
DO34,C1033,A2033,49211.1,ACTIVE,CURRENT,2021-01-19,B19,OK,Y
DO35,C1034,A2034,22253.17,ACTIVE,SAVINGS,2021-07-18,B18,OK,N
DO36,C1035,A2035,44855.52,PENDING,LOAN,2023-09-04,B3,OK,N
DO37,C1036,A2036,7274.15,PENDING,SAVINGS,2023-01-17,B2,OK,N
DO38,C1037,A2037,4923.3,INACTIVE,SAVINGS,2020-03-05,B19,OK,Y
DO39,C1038,A2038,41216.41,PENDING,CURRENT,2022-05-14,B2,OK,Y
DO40,C1039,A2039,8184.73,PENDING,SAVINGS,2024-07-16,B19,OK,Y
DO41,C1040,A2040,,INACTIVE,SAVINGS,2023-10-13,B7,OK,Y
DO42,C1041,A2041,16531.91,PENDING,SAVINGS,2021-09-22,B19,OK,Y
DO43,C1042,A2042,39426.99,ACTIVE,LOAN,2022-07-01,B4,OK,N
DO44,C1043,A2043,27483.8,INACTIVE,LOAN,2022-06-28,B12,OK,N
DO45,C1044,A2044,44485.0,PENDING,CURRENT,2022-11-24,B15,OK,Y
DO46,C1045,A2045,26178.53,INACTIVE,LOAN,2024-11-18,B1,OK,Y
DO47,C1046,A2046,34328.5,INACTIVE,SAVINGS,2020-05-04,B20,OK,Y
DO48,C1047,A2047,7253.3,PENDING,CURRENT,2020-09-22,B1,OK,N
DO49,C1048,A2048,34532.08,INACTIVE,SAVINGS,2021-10-21,B19,OK,Y
DO50,C1049,A2049,21856.22,INACTIVE,SAVINGS,2022-04-12,B3,OK,Y
DO51,C1050,A2050,38250.7,INACTIVE,CURRENT,2023-04-15,B4,,Y
DO52,C1051,A2051,47392.57,INACTIVE,SAVINGS,2021-07-09,B9,OK,N
DO53,C1052,A2052,34226.64,INACTIVE,SAVINGS,2021-02-06,B6,OK,Y
DO54,C1053,A2053,22800.0,ACTIVE,CURRENT,2024-07-27,B17,OK,N
DO55,C1054,A2054,21103.9,PENDING,CURRENT,2023-07-25,B1,OK,N
DO56,C1055,A2055,2134.16,ACTIVE,CURRENT,2020-03-25,B11,OK,N
DO57,C1056,A2056,16216.42,INACTIVE,CURRENT,2024-11-01,B4,OK,Y
DO58,C1057,A2057,33866.32,ACTIVE,SAVINGS,2021-10-04,B5,OK,N
DO59,C1058,A2058,5815.06,ACTIVE,SAVINGS,2023-06-29,B8,OK,N
DO60,C1059,A2059,14403.9,INACTIVE,SAVINGS,2021-04-13,B13,OK,Y
DO61,C1060,A2060,18072.03,INACTIVE,LOAN,2024-09-28,B13,OK,Y
DO62,C1061,A2061,1679.37,ACTIVE,LOAN,2025-01-10,B2,OK,N
DO63,C1062,A2062,227.89,PENDING,LOAN,2021-04-21,B10,OK,Y
DO64,C1063,A2063,20519.48,INACTIVE,SAVINGS,2024-10-18,B11,OK,Y
DO65,C1064,A2064,30401.52,PENDING,CURRENT,2023-07-14,B10,OK,N
DO66,C1065,A2065,13222.84,INACTIVE,SAVINGS,2023-10-03,B15,OK,N
DO67,C1066,A2066,47237.15,PENDING,SAVINGS,2023-07-24,B15,OK,Y
DO68,C1067,A2067,29050.8,PENDING,CURRENT,2022-08-05,B4,OK,N
DO69,C1068,A2068,21581.27,PENDING,SAVINGS,2020-08-18,B14,OK,Y
DO70,C1069,A2069,15617.42,ACTIVE,CURRENT,2022-08-18,B8,OK,Y
DO71,C1070,A2070,48497.7,ACTIVE,LOAN,2021-11-08,B2,OK,N
DO72,C1071,A2071,3017.36,ACTIVE,CURRENT,2020-10-10,B19,OK,Y
DO73,C1072,A2072,33648.27,PENDING,CURRENT,2020-08-01,B16,OK,N
DO74,C1073,A2073,31557.3,ACTIVE,SAVINGS,2024-04-15,B12,OK,N
DO75,C1074,A2074,12046.75,ACTIVE,CURRENT,2024-12-07,B9,OK,Y
DO76,C1075,A2075,37401.04,ACTIVE,CURRENT,2021-08-25,B3,,Y
DO77,C1076,A2076,3087.2,ACTIVE,SAVINGS,2020-11-27,B9,OK,N
DO78,C1077,A2077,19808.45,INACTIVE,SAVINGS,2023-03-16,B17,OK,Y
DO79,C1078,A2078,25906.94,PENDING,SAVINGS,2021-07-23,B16,OK,Y
DO80,C1079,A2079,27664.1,ACTIVE,CURRENT,2023-05-21,B20,OK,Y
DO81,C1080,A2080,,PENDING,CURRENT,2023-08-18,B9,OK,Y
DO82,C1081,A2081,33856.99,PENDING,CURRENT,2025-02-14,B12,OK,N
DO83,C1082,A2082,37510.2,ACTIVE,CURRENT,2022-03-18,B5,OK,N
DO84,C1083,A2083,443.34,ACTIVE,CURRENT,2024-11-25,B10,OK,Y
DO85,C1084,A2084,29824.73,PENDING,CURRENT,2022-10-17,B10,OK,Y
DO86,C1085,A2085,8756.71,INACTIVE,CURRENT,2021-04-24,B6,OK,Y
DO87,C1086,A2086,25782.14,INACTIVE,SAVINGS,2024-12-13,B10,OK,N
DO88,C1087,A2087,20625.17,PENDING,LOAN,2021-06-30,B9,OK,Y
DO89,C1088,A2088,18305.04,INACTIVE,SAVINGS,2024-12-17,B9,OK,Y
DO90,C1089,A2089,36558.01,PENDING,SAVINGS,2023-02-17,B8,OK,Y
DO91,C1090,A2090,20525.98,ACTIVE,CURRENT,2021-04-07,B13,OK,N
DO92,C1091,A2091,31395.33,PENDING,CURRENT,2023-11-03,B1,OK,Y
DO93,C1092,A2092,28043.7,PENDING,LOAN,2025-01-28,B7,OK,Y
DO94,C1093,A2093,32093.91,INACTIVE,LOAN,2022-09-07,B14,OK,N
DO95,C1094,A2094,43029.02,INACTIVE,LOAN,2023-10-27,B19,OK,N
DO96,C1095,A2095,9144.96,ACTIVE,LOAN,2021-06-05,B2,OK,Y
DO97,C1096,A2096,11105.1,INACTIVE,CURRENT,2024-08-25,B13,OK,N
DO98,C1097,A2097,24251.01,PENDING,CURRENT,2020-06-16,B20,OK,Y
DO99,C1098,A2098,35926.81,ACTIVE,SAVINGS,2025-02-06,B9,OK,Y
DO100,C1099,A2099,17622.47,ACTIVE,SAVINGS,2024-07-15,B2,OK,Y
DO101,C1100,A2100,40155.47,ACTIVE,LOAN,2020-07-01,B19,,N
DO102,C1101,A2101,23609.3,PENDING,CURRENT,2023-04-24,B19,OK,N
DO103,C1102,A2102,48473.78,INACTIVE,SAVINGS,2022-05-03,B20,OK,N
DO104,C1103,A2103,42225.53,INACTIVE,LOAN,2021-07-29,B20,OK,N
DO105,C1104,A2104,6219.6,ACTIVE,SAVINGS,2022-11-21,B20,OK,Y
DO106,C1105,A2105,13635.83,ACTIVE,LOAN,2020-07-03,B17,OK,Y
DO107,C1106,A2106,34212.26,PENDING,LOAN,2020-11-21,B2,OK,N
DO108,C1107,A2107,45554.53,ACTIVE,SAVINGS,2022-02-21,B4,OK,N
DO109,C1108,A2108,30161.49,PENDING,CURRENT,2025-01-05,B12,OK,N
DO110,C1109,A2109,25473.69,PENDING,LOAN,2025-04-21,B6,OK,N
DO111,C1110,A2110,31608.43,ACTIVE,CURRENT,2020-11-05,B10,OK,N
DO112,C1111,A2111,32147.04,INACTIVE,LOAN,2025-03-27,B14,OK,N
DO113,C1112,A2112,4640.94,PENDING,LOAN,2022-02-13,B11,OK,N
DO114,C1113,A2113,49311.09,ACTIVE,CURRENT,2023-01-07,B4,OK,Y
DO115,C1114,A2114,15120.79,ACTIVE,CURRENT,2023-10-02,B20,OK,N
DO116,C1115,A2115,12797.43,INACTIVE,CURRENT,2024-01-07,B4,OK,N
DO117,C1116,A2116,3831.14,INACTIVE,SAVINGS,2022-07-17,B20,OK,N
DO118,C1117,A2117,10545.51,ACTIVE,CURRENT,2023-12-17,B9,OK,N
DO119,C1118,A2118,31303.18,ACTIVE,CURRENT,2021-09-11,B6,OK,N
DO120,C1119,A2119,36588.41,PENDING,SAVINGS,2022-10-17,B7,OK,Y
DO121,C1120,A2120,,ACTIVE,LOAN,2023-06-05,B15,OK,N
DO122,C1121,A2121,36270.79,PENDING,LOAN,2025-01-12,B1,OK,N
DO123,C1122,A2122,9440.51,ACTIVE,LOAN,2025-03-23,B18,OK,N
DO124,C1123,A2123,39436.38,INACTIVE,CURRENT,2022-09-25,B12,OK,Y
DO125,C1124,A2124,13233.33,ACTIVE,CURRENT,2023-02-22,B7,OK,N
DO126,C1125,A2125,11223.56,PENDING,CURRENT,2020-08-21,B14,,N
DO127,C1126,A2126,3179.96,ACTIVE,LOAN,2025-06-08,B18,OK,Y
DO128,C1127,A2127,2765.94,PENDING,CURRENT,2020-12-05,B12,OK,N
DO129,C1128,A2128,11829.88,INACTIVE,SAVINGS,2023-07-15,B4,OK,Y
DO130,C1129,A2129,20110.45,PENDING,LOAN,2022-11-12,B17,OK,Y
DO131,C1130,A2130,47403.61,INACTIVE,LOAN,2024-03-21,B3,OK,N
DO132,C1131,A2131,26242.48,ACTIVE,LOAN,2021-09-08,B6,OK,Y
DO133,C1132,A2132,39282.31,ACTIVE,SAVINGS,2024-09-04,B5,OK,N
DO134,C1133,A2133,31064.23,INACTIVE,LOAN,2024-10-17,B14,OK,Y
DO135,C1134,A2134,49074.91,ACTIVE,LOAN,2025-05-27,B7,OK,N
DO136,C1135,A2135,3384.88,PENDING,LOAN,2021-12-09,B4,OK,N
DO137,C1136,A2136,27374.27,INACTIVE,SAVINGS,2024-03-22,B16,OK,N
DO138,C1137,A2137,48831.81,ACTIVE,CURRENT,2020-02-19,B20,OK,Y
DO139,C1138,A2138,7206.85,ACTIVE,SAVINGS,2023-08-04,B4,OK,Y
DO140,C1139,A2139,25687.38,PENDING,CURRENT,2022-12-25,B7,OK,N
DO141,C1140,A2140,11757.03,PENDING,CURRENT,2024-08-31,B4,OK,N
DO142,C1141,A2141,2559.3,PENDING,SAVINGS,2022-08-25,B8,OK,Y
DO143,C1142,A2142,12154.54,INACTIVE,SAVINGS,2021-12-27,B12,OK,N
DO144,C1143,A2143,25174.74,ACTIVE,LOAN,2023-01-13,B12,OK,N
DO145,C1144,A2144,17394.55,INACTIVE,LOAN,2023-01-17,B12,OK,Y
DO146,C1145,A2145,27936.08,PENDING,LOAN,2022-05-25,B18,OK,Y
DO147,C1146,A2146,45796.94,INACTIVE,CURRENT,2023-02-17,B6,OK,Y
DO148,C1147,A2147,28409.19,INACTIVE,SAVINGS,2021-05-15,B1,OK,N
DO149,C1148,A2148,39047.22,INACTIVE,SAVINGS,2024-12-18,B11,OK,N
DO150,C1149,A2149,7740.57,PENDING,LOAN,2025-01-15,B5,OK,N
DO151,C1150,A2150,29219.93,PENDING,CURRENT,2020-09-07,B15,,Y
DO152,C1151,A2151,8266.8,ACTIVE,SAVINGS,2020-03-28,B2,OK,N
DO153,C1152,A2152,26698.8,PENDING,SAVINGS,2023-06-10,B5,OK,Y
DO154,C1153,A2153,30647.43,PENDING,LOAN,2024-02-28,B13,OK,N
DO155,C1154,A2154,43450.21,ACTIVE,LOAN,2023-09-21,B20,OK,N
DO156,C1155,A2155,1677.89,PENDING,LOAN,2020-07-01,B13,OK,Y
DO157,C1156,A2156,29906.99,PENDING,SAVINGS,2023-08-27,B5,OK,Y
DO158,C1157,A2157,23201.41,PENDING,SAVINGS,2021-10-07,B12,OK,Y
DO159,C1158,A2158,33779.16,PENDING,SAVINGS,2023-08-09,B6,OK,N
DO160,C1159,A2159,43879.92,PENDING,CURRENT,2023-08-24,B2,OK,Y
DO161,C1160,A2160,,ACTIVE,LOAN,2022-09-10,B16,OK,N
DO162,C1161,A2161,1528.35,INACTIVE,SAVINGS,2023-04-18,B7,OK,Y
DO163,C1162,A2162,16321.79,PENDING,CURRENT,2021-02-12,B6,OK,Y
DO164,C1163,A2163,7615.18,ACTIVE,SAVINGS,2024-06-09,B13,OK,Y
DO165,C1164,A2164,45110.42,INACTIVE,LOAN,2021-01-27,B18,OK,Y
DO166,C1165,A2165,44415.74,PENDING,CURRENT,2024-04-01,B1,OK,N
DO167,C1166,A2166,47512.46,INACTIVE,CURRENT,2024-09-29,B1,OK,Y
DO168,C1167,A2167,47851.45,ACTIVE,CURRENT,2020-05-31,B7,OK,Y
DO169,C1168,A2168,45434.88,PENDING,CURRENT,2024-02-02,B2,OK,N
DO170,C1169,A2169,47184.59,PENDING,LOAN,2025-04-16,B17,OK,Y
DO171,C1170,A2170,20721.03,ACTIVE,CURRENT,2020-03-12,B3,OK,N
DO172,C1171,A2171,15054.7,PENDING,LOAN,2020-04-04,B19,OK,Y
DO173,C1172,A2172,12786.02,INACTIVE,CURRENT,2020-05-03,B9,OK,N
DO174,C1173,A2173,41063.26,INACTIVE,LOAN,2020-01-11,B8,OK,N
DO175,C1174,A2174,8749.76,INACTIVE,CURRENT,2024-06-21,B8,OK,Y
DO176,C1175,A2175,5429.69,INACTIVE,CURRENT,2020-11-30,B12,,N
DO177,C1176,A2176,45855.56,INACTIVE,LOAN,2021-11-08,B3,OK,Y
DO178,C1177,A2177,8823.94,INACTIVE,CURRENT,2025-05-19,B6,OK,N
DO179,C1178,A2178,14439.53,PENDING,SAVINGS,2022-02-22,B20,OK,N
DO180,C1179,A2179,9884.49,INACTIVE,LOAN,2020-12-29,B10,OK,Y
DO181,C1180,A2180,23504.64,INACTIVE,CURRENT,2023-08-10,B7,OK,Y
DO182,C1181,A2181,1307.97,ACTIVE,CURRENT,2021-08-09,B6,OK,Y
DO183,C1182,A2182,12699.47,ACTIVE,SAVINGS,2022-02-18,B19,OK,N
DO184,C1183,A2183,138.15,INACTIVE,SAVINGS,2020-10-20,B14,OK,N
DO185,C1184,A2184,48592.0,ACTIVE,CURRENT,2021-04-15,B9,OK,N
DO186,C1185,A2185,8174.13,ACTIVE,CURRENT,2025-06-23,B7,OK,Y
DO187,C1186,A2186,38950.46,ACTIVE,CURRENT,2022-03-03,B20,OK,N
DO188,C1187,A2187,21869.19,PENDING,CURRENT,2023-06-20,B5,OK,Y
DO189,C1188,A2188,13403.43,PENDING,SAVINGS,2024-07-19,B18,OK,N
DO190,C1189,A2189,24999.8,ACTIVE,CURRENT,2021-05-29,B18,OK,Y
DO191,C1190,A2190,41351.06,INACTIVE,CURRENT,2024-10-11,B6,OK,N
DO192,C1191,A2191,39111.61,ACTIVE,LOAN,2022-01-29,B20,OK,Y
DO193,C1192,A2192,18386.76,ACTIVE,SAVINGS,2020-06-24,B8,OK,N
DO194,C1193,A2193,27554.38,INACTIVE,SAVINGS,2024-03-11,B6,OK,Y
DO195,C1194,A2194,40663.74,ACTIVE,SAVINGS,2025-01-12,B15,OK,Y
DO196,C1195,A2195,49644.71,ACTIVE,SAVINGS,2020-07-10,B20,OK,N
DO197,C1196,A2196,6466.77,INACTIVE,SAVINGS,2025-04-14,B16,OK,N
DO198,C1197,A2197,34451.22,INACTIVE,CURRENT,2023-01-03,B4,OK,Y
DO199,C1198,A2198,26833.79,ACTIVE,CURRENT,2023-07-22,B11,OK,Y
DO200,C1199,A2199,44839.56,ACTIVE,CURRENT,2025-05-25,B15,OK,N
DO201,C1200,A2200,,PENDING,CURRENT,2022-05-22,B1,,N
DO202,C1201,A2201,5473.6,ACTIVE,CURRENT,2022-07-11,B19,OK,Y
DO203,C1202,A2202,46873.76,PENDING,CURRENT,2025-05-14,B15,OK,Y
DO204,C1203,A2203,14433.46,INACTIVE,CURRENT,2024-11-04,B2,OK,N
DO205,C1204,A2204,45237.78,INACTIVE,CURRENT,2023-04-01,B2,OK,Y
DO206,C1205,A2205,23808.37,PENDING,CURRENT,2020-09-13,B1,OK,Y
DO207,C1206,A2206,1464.24,ACTIVE,CURRENT,2025-01-08,B20,OK,Y
DO208,C1207,A2207,47517.91,PENDING,SAVINGS,2023-07-25,B4,OK,Y
DO209,C1208,A2208,2575.07,ACTIVE,CURRENT,2020-11-23,B14,OK,Y
DO210,C1209,A2209,5900.27,PENDING,LOAN,2024-12-30,B18,OK,N
DO211,C1210,A2210,43751.65,ACTIVE,CURRENT,2022-02-17,B9,OK,Y
DO212,C1211,A2211,32536.44,ACTIVE,SAVINGS,2023-11-06,B12,OK,N
DO213,C1212,A2212,24315.41,PENDING,LOAN,2022-10-22,B10,OK,Y
DO214,C1213,A2213,28008.28,INACTIVE,SAVINGS,2023-09-18,B13,OK,Y
DO215,C1214,A2214,5768.15,INACTIVE,SAVINGS,2020-04-11,B4,OK,Y
DO216,C1215,A2215,1895.87,PENDING,LOAN,2021-08-30,B17,OK,N
DO217,C1216,A2216,5034.19,PENDING,SAVINGS,2024-06-29,B13,OK,N
DO218,C1217,A2217,21186.43,INACTIVE,CURRENT,2025-03-18,B1,OK,Y
DO219,C1218,A2218,4084.91,INACTIVE,SAVINGS,2023-03-09,B18,OK,N
DO220,C1219,A2219,41028.44,INACTIVE,LOAN,2021-08-19,B18,OK,N
DO221,C1220,A2220,6261.55,ACTIVE,CURRENT,2024-09-01,B4,OK,Y
DO222,C1221,A2221,32383.02,ACTIVE,SAVINGS,2024-01-01,B9,OK,Y
DO223,C1222,A2222,30149.73,PENDING,CURRENT,2025-06-13,B3,OK,Y
DO224,C1223,A2223,12888.76,ACTIVE,SAVINGS,2022-02-05,B3,OK,Y
DO225,C1224,A2224,11107.79,INACTIVE,SAVINGS,2023-09-17,B7,OK,Y
DO226,C1225,A2225,3185.95,ACTIVE,CURRENT,2021-03-18,B6,,N
DO227,C1226,A2226,34833.88,PENDING,LOAN,2025-02-09,B8,OK,N
DO228,C1227,A2227,9900.91,PENDING,CURRENT,2020-01-31,B2,OK,Y
DO229,C1228,A2228,32886.8,PENDING,SAVINGS,2022-09-28,B6,OK,N
DO230,C1229,A2229,24665.15,INACTIVE,CURRENT,2021-04-03,B17,OK,Y
DO231,C1230,A2230,21801.99,ACTIVE,LOAN,2025-02-04,B11,OK,N
DO232,C1231,A2231,19794.01,PENDING,SAVINGS,2023-11-13,B4,OK,N
DO233,C1232,A2232,26565.33,PENDING,CURRENT,2021-06-07,B13,OK,Y
DO234,C1233,A2233,35402.19,ACTIVE,CURRENT,2025-05-22,B2,OK,N
DO235,C1234,A2234,17808.77,ACTIVE,LOAN,2025-04-24,B12,OK,N
DO236,C1235,A2235,33276.02,INACTIVE,SAVINGS,2024-09-08,B1,OK,N
DO237,C1236,A2236,31480.64,ACTIVE,CURRENT,2023-10-02,B8,OK,N
DO238,C1237,A2237,3481.38,ACTIVE,CURRENT,2025-02-26,B13,OK,N
DO239,C1238,A2238,24147.1,INACTIVE,LOAN,2023-01-08,B7,OK,Y
DO240,C1239,A2239,27708.06,INACTIVE,LOAN,2022-07-06,B6,OK,N
DO241,C1240,A2240,,ACTIVE,CURRENT,2023-10-04,B13,OK,N
DO242,C1241,A2241,17253.82,PENDING,SAVINGS,2020-06-18,B2,OK,Y
DO243,C1242,A2242,28137.42,INACTIVE,CURRENT,2021-12-16,B13,OK,Y
DO244,C1243,A2243,3899.14,ACTIVE,CURRENT,2024-02-04,B15,OK,Y
DO245,C1244,A2244,44403.54,ACTIVE,LOAN,2023-08-07,B2,OK,N
DO246,C1245,A2245,28612.73,INACTIVE,CURRENT,2022-09-22,B19,OK,N
DO247,C1246,A2246,35069.8,INACTIVE,CURRENT,2020-03-31,B11,OK,N
DO248,C1247,A2247,6419.16,PENDING,CURRENT,2024-02-01,B10,OK,Y
DO249,C1248,A2248,39589.82,ACTIVE,SAVINGS,2024-04-03,B13,OK,N
DO250,C1249,A2249,15892.22,PENDING,SAVINGS,2024-04-27,B6,OK,Y
DO251,C1250,A2250,8571.85,PENDING,SAVINGS,2020-09-02,B1,,N
DO252,C1251,A2251,11461.12,PENDING,LOAN,2024-09-24,B5,OK,N
DO253,C1252,A2252,23795.63,ACTIVE,CURRENT,2023-11-24,B11,OK,N
DO254,C1253,A2253,15016.69,PENDING,LOAN,2025-06-04,B7,OK,N
DO255,C1254,A2254,7944.16,ACTIVE,CURRENT,2025-05-16,B1,OK,N
DO256,C1255,A2255,18896.14,INACTIVE,CURRENT,2023-06-15,B9,OK,N
DO257,C1256,A2256,44567.07,PENDING,SAVINGS,2021-10-28,B20,OK,Y
DO258,C1257,A2257,22301.73,INACTIVE,SAVINGS,2022-12-16,B8,OK,N
DO259,C1258,A2258,35883.44,PENDING,LOAN,2024-10-19,B12,OK,N
DO260,C1259,A2259,8806.03,PENDING,LOAN,2023-04-14,B20,OK,Y
DO261,C1260,A2260,21371.87,INACTIVE,SAVINGS,2025-04-08,B17,OK,N
DO262,C1261,A2261,10235.44,INACTIVE,LOAN,2024-09-29,B20,OK,Y
DO263,C1262,A2262,39963.65,ACTIVE,SAVINGS,2021-10-22,B19,OK,Y
DO264,C1263,A2263,17760.38,INACTIVE,SAVINGS,2023-06-22,B12,OK,N
DO265,C1264,A2264,15095.82,INACTIVE,SAVINGS,2022-07-21,B18,OK,Y
DO266,C1265,A2265,35621.4,ACTIVE,SAVINGS,2022-07-09,B4,OK,N
DO267,C1266,A2266,38631.15,INACTIVE,LOAN,2020-03-06,B7,OK,Y
DO268,C1267,A2267,39545.37,ACTIVE,LOAN,2024-05-28,B9,OK,Y
DO269,C1268,A2268,38914.32,ACTIVE,LOAN,2021-10-29,B17,OK,Y
DO270,C1269,A2269,1913.83,PENDING,LOAN,2020-02-17,B13,OK,Y
DO271,C1270,A2270,17756.29,PENDING,CURRENT,2020-07-21,B7,OK,N
DO272,C1271,A2271,31093.93,INACTIVE,LOAN,2021-09-18,B11,OK,N
DO273,C1272,A2272,17360.87,ACTIVE,LOAN,2021-10-08,B20,OK,N
DO274,C1273,A2273,7756.96,INACTIVE,LOAN,2024-11-03,B8,OK,Y
DO275,C1274,A2274,15626.72,PENDING,CURRENT,2021-02-13,B13,OK,N
DO276,C1275,A2275,42040.01,ACTIVE,SAVINGS,2023-04-24,B2,,N
DO277,C1276,A2276,12680.9,PENDING,SAVINGS,2022-03-27,B13,OK,Y
DO278,C1277,A2277,9618.9,PENDING,LOAN,2023-12-15,B19,OK,N
DO279,C1278,A2278,33407.4,INACTIVE,LOAN,2025-01-25,B17,OK,N
DO280,C1279,A2279,36763.99,PENDING,LOAN,2023-08-10,B8,OK,Y
DO281,C1280,A2280,,INACTIVE,LOAN,2020-10-29,B13,OK,N
DO282,C1281,A2281,46473.14,ACTIVE,SAVINGS,2023-01-05,B1,OK,Y
DO283,C1282,A2282,39198.32,INACTIVE,LOAN,2022-03-25,B10,OK,Y
DO284,C1283,A2283,21217.21,INACTIVE,CURRENT,2024-02-11,B14,OK,N
DO285,C1284,A2284,46332.94,PENDING,CURRENT,2021-09-27,B8,OK,N
DO286,C1285,A2285,40741.21,INACTIVE,LOAN,2024-01-19,B19,OK,N
DO287,C1286,A2286,40109.69,ACTIVE,CURRENT,2025-02-25,B17,OK,Y
DO288,C1287,A2287,15742.97,INACTIVE,LOAN,2022-05-21,B19,OK,N
DO289,C1288,A2288,2695.93,PENDING,CURRENT,2023-10-26,B6,OK,N
DO290,C1289,A2289,2541.95,ACTIVE,CURRENT,2025-01-11,B2,OK,N
DO291,C1290,A2290,36371.12,INACTIVE,CURRENT,2020-03-30,B12,OK,Y
DO292,C1291,A2291,36700.02,ACTIVE,SAVINGS,2025-01-07,B20,OK,Y
DO293,C1292,A2292,981.19,ACTIVE,CURRENT,2020-08-26,B10,OK,N
DO294,C1293,A2293,41524.49,PENDING,SAVINGS,2023-05-20,B14,OK,N
DO295,C1294,A2294,10815.04,ACTIVE,CURRENT,2024-08-10,B15,OK,Y
DO296,C1295,A2295,23350.17,INACTIVE,LOAN,2023-11-03,B9,OK,N
DO297,C1296,A2296,46655.44,ACTIVE,SAVINGS,2024-05-16,B9,OK,Y
DO298,C1297,A2297,15757.83,INACTIVE,SAVINGS,2024-09-17,B7,OK,Y
DO299,C1298,A2298,7201.94,PENDING,CURRENT,2022-07-11,B16,OK,N
DO300,C1299,A2299,12753.87,ACTIVE,CURRENT,2021-09-30,B10,OK,Y
DO301,C1300,A2300,19884.29,INACTIVE,SAVINGS,2021-11-07,B7,,N
DO302,C1301,A2301,40623.74,PENDING,LOAN,2021-08-08,B17,OK,Y
DO303,C1302,A2302,4655.55,INACTIVE,CURRENT,2021-06-28,B15,OK,Y
DO304,C1303,A2303,1019.2,ACTIVE,CURRENT,2022-04-30,B14,OK,Y
DO305,C1304,A2304,19890.15,ACTIVE,CURRENT,2025-03-15,B7,OK,N
DO306,C1305,A2305,4524.7,INACTIVE,CURRENT,2023-03-09,B8,OK,N
DO307,C1306,A2306,35556.74,ACTIVE,SAVINGS,2024-07-16,B11,OK,N
DO308,C1307,A2307,26523.9,ACTIVE,CURRENT,2025-03-23,B10,OK,N
DO309,C1308,A2308,26142.28,INACTIVE,SAVINGS,2020-04-21,B13,OK,Y
DO310,C1309,A2309,45370.52,ACTIVE,LOAN,2021-12-21,B7,OK,N
DO311,C1310,A2310,41109.36,PENDING,CURRENT,2020-08-03,B18,OK,N
DO312,C1311,A2311,10890.48,PENDING,LOAN,2024-06-22,B13,OK,N
DO313,C1312,A2312,23186.12,INACTIVE,LOAN,2023-01-12,B17,OK,Y
DO314,C1313,A2313,13721.41,PENDING,LOAN,2025-02-24,B14,OK,N
DO315,C1314,A2314,19626.71,PENDING,LOAN,2021-10-02,B4,OK,N
DO316,C1315,A2315,42082.25,ACTIVE,SAVINGS,2021-06-21,B6,OK,N
DO317,C1316,A2316,2718.38,INACTIVE,SAVINGS,2021-03-10,B1,OK,Y
DO318,C1317,A2317,41126.32,ACTIVE,CURRENT,2024-06-14,B8,OK,Y
DO319,C1318,A2318,25264.32,ACTIVE,SAVINGS,2023-07-02,B13,OK,Y
DO320,C1319,A2319,8495.75,INACTIVE,CURRENT,2022-03-20,B1,OK,Y
DO321,C1320,A2320,,PENDING,LOAN,2025-04-14,B5,OK,N
DO322,C1321,A2321,27599.65,ACTIVE,CURRENT,2023-10-20,B17,OK,N
DO323,C1322,A2322,42940.1,PENDING,SAVINGS,2024-01-19,B5,OK,Y
DO324,C1323,A2323,23083.8,INACTIVE,LOAN,2021-09-06,B16,OK,Y
DO325,C1324,A2324,32286.3,ACTIVE,LOAN,2023-03-07,B12,OK,N
DO326,C1325,A2325,42355.01,PENDING,SAVINGS,2024-07-09,B17,,N
DO327,C1326,A2326,7555.44,ACTIVE,LOAN,2021-07-28,B8,OK,N
DO328,C1327,A2327,6727.48,ACTIVE,CURRENT,2020-11-28,B10,OK,N
DO329,C1328,A2328,37071.26,INACTIVE,SAVINGS,2020-08-13,B12,OK,N
DO330,C1329,A2329,16179.16,ACTIVE,SAVINGS,2023-02-17,B6,OK,N
DO331,C1330,A2330,9772.44,INACTIVE,CURRENT,2022-12-29,B10,OK,Y
DO332,C1331,A2331,35691.49,INACTIVE,CURRENT,2021-06-15,B18,OK,N
DO333,C1332,A2332,12024.4,PENDING,SAVINGS,2023-11-10,B4,OK,Y
DO334,C1333,A2333,13527.47,INACTIVE,SAVINGS,2025-06-12,B3,OK,Y
DO335,C1334,A2334,2736.09,PENDING,LOAN,2021-06-08,B5,OK,N
DO336,C1335,A2335,31076.01,PENDING,SAVINGS,2021-09-24,B11,OK,N
DO337,C1336,A2336,7364.72,PENDING,CURRENT,2021-11-11,B14,OK,N
DO338,C1337,A2337,23600.99,INACTIVE,CURRENT,2023-10-24,B12,OK,N
DO339,C1338,A2338,36600.73,PENDING,SAVINGS,2024-12-24,B7,OK,N
DO340,C1339,A2339,38693.39,ACTIVE,CURRENT,2023-08-05,B3,OK,Y
DO341,C1340,A2340,20398.5,INACTIVE,LOAN,2023-11-11,B19,OK,N
DO342,C1341,A2341,18510.74,INACTIVE,SAVINGS,2023-11-18,B3,OK,Y
DO343,C1342,A2342,44262.62,PENDING,SAVINGS,2020-06-11,B10,OK,Y
DO344,C1343,A2343,22526.18,PENDING,CURRENT,2022-12-06,B14,OK,N
DO345,C1344,A2344,45624.22,ACTIVE,CURRENT,2024-05-25,B14,OK,Y
DO346,C1345,A2345,640.03,PENDING,SAVINGS,2024-06-26,B3,OK,N
DO347,C1346,A2346,49977.42,ACTIVE,CURRENT,2023-07-09,B5,OK,Y
DO348,C1347,A2347,48356.88,INACTIVE,CURRENT,2023-04-24,B14,OK,Y
DO349,C1348,A2348,28903.48,INACTIVE,CURRENT,2023-10-10,B13,OK,N
DO350,C1349,A2349,14440.21,ACTIVE,CURRENT,2021-03-25,B3,OK,Y
DO351,C1350,A2350,11802.74,PENDING,LOAN,2021-05-22,B8,,N
DO352,C1351,A2351,31757.58,ACTIVE,LOAN,2022-04-15,B13,OK,Y
DO353,C1352,A2352,3448.97,INACTIVE,SAVINGS,2023-05-02,B11,OK,N
DO354,C1353,A2353,5805.38,ACTIVE,LOAN,2022-10-31,B14,OK,N
DO355,C1354,A2354,32937.16,INACTIVE,SAVINGS,2021-04-14,B2,OK,N
DO356,C1355,A2355,45761.72,PENDING,SAVINGS,2022-04-02,B9,OK,N
DO357,C1356,A2356,864.86,PENDING,CURRENT,2023-10-24,B10,OK,Y
DO358,C1357,A2357,43977.35,PENDING,CURRENT,2022-02-11,B7,OK,Y
DO359,C1358,A2358,9106.68,PENDING,SAVINGS,2022-12-26,B11,OK,N
DO360,C1359,A2359,38951.76,PENDING,CURRENT,2022-12-04,B11,OK,Y
DO361,C1360,A2360,,ACTIVE,LOAN,2021-11-30,B18,OK,N
DO362,C1361,A2361,38209.36,INACTIVE,SAVINGS,2023-05-14,B17,OK,N
DO363,C1362,A2362,21107.45,ACTIVE,LOAN,2022-06-21,B6,OK,Y
DO364,C1363,A2363,30603.77,INACTIVE,CURRENT,2023-11-25,B15,OK,N
DO365,C1364,A2364,44616.19,INACTIVE,LOAN,2022-08-30,B20,OK,Y
DO366,C1365,A2365,18968.9,ACTIVE,CURRENT,2024-04-06,B14,OK,Y
DO367,C1366,A2366,46415.01,ACTIVE,CURRENT,2023-04-29,B10,OK,Y
DO368,C1367,A2367,27472.04,ACTIVE,LOAN,2023-04-06,B6,OK,N
DO369,C1368,A2368,7704.05,PENDING,CURRENT,2022-04-04,B6,OK,N
DO370,C1369,A2369,27268.77,ACTIVE,LOAN,2024-01-28,B11,OK,Y
DO371,C1370,A2370,40406.46,ACTIVE,SAVINGS,2020-11-19,B2,OK,Y
DO372,C1371,A2371,16525.56,ACTIVE,SAVINGS,2025-02-21,B16,OK,N
DO373,C1372,A2372,6402.16,INACTIVE,SAVINGS,2023-08-09,B20,OK,Y
DO374,C1373,A2373,20046.86,INACTIVE,CURRENT,2020-08-14,B9,OK,N
DO375,C1374,A2374,19195.33,INACTIVE,SAVINGS,2023-08-28,B4,OK,Y
DO376,C1375,A2375,29634.15,INACTIVE,LOAN,2022-08-10,B3,,Y
DO377,C1376,A2376,26291.16,ACTIVE,CURRENT,2021-02-05,B18,OK,Y
DO378,C1377,A2377,45139.57,INACTIVE,LOAN,2021-06-26,B10,OK,N
DO379,C1378,A2378,41731.93,PENDING,CURRENT,2021-01-02,B5,OK,N
DO380,C1379,A2379,31585.23,ACTIVE,CURRENT,2022-05-09,B5,OK,N
DO381,C1380,A2380,13231.87,INACTIVE,SAVINGS,2025-01-17,B20,OK,N
DO382,C1381,A2381,43331.67,INACTIVE,CURRENT,2021-10-30,B20,OK,Y
DO383,C1382,A2382,28729.01,PENDING,SAVINGS,2024-08-17,B14,OK,Y
DO384,C1383,A2383,10540.62,INACTIVE,LOAN,2020-09-30,B7,OK,N
DO385,C1384,A2384,24487.95,INACTIVE,LOAN,2025-01-29,B1,OK,Y
DO386,C1385,A2385,7393.26,PENDING,SAVINGS,2021-09-30,B12,OK,Y
DO387,C1386,A2386,19153.63,INACTIVE,LOAN,2021-08-16,B9,OK,N
DO388,C1387,A2387,8303.82,PENDING,LOAN,2022-10-17,B17,OK,N
DO389,C1388,A2388,29875.66,PENDING,SAVINGS,2025-03-15,B14,OK,N
DO390,C1389,A2389,22807.21,PENDING,SAVINGS,2023-10-22,B11,OK,N
DO391,C1390,A2390,37291.3,INACTIVE,CURRENT,2024-10-20,B17,OK,Y
DO392,C1391,A2391,13633.62,INACTIVE,CURRENT,2020-10-19,B8,OK,N
DO393,C1392,A2392,28195.12,INACTIVE,SAVINGS,2025-01-13,B2,OK,N
DO394,C1393,A2393,29428.99,PENDING,CURRENT,2023-03-14,B10,OK,N
DO395,C1394,A2394,17667.1,PENDING,LOAN,2024-01-02,B9,OK,N
DO396,C1395,A2395,36258.79,INACTIVE,LOAN,2020-05-22,B5,OK,N
DO397,C1396,A2396,44526.36,ACTIVE,LOAN,2022-02-04,B8,OK,N
DO398,C1397,A2397,19679.05,ACTIVE,CURRENT,2024-06-03,B15,OK,N
DO399,C1398,A2398,35579.91,PENDING,CURRENT,2020-07-03,B5,OK,N
DO400,C1399,A2399,31872.83,ACTIVE,CURRENT,2020-09-19,B17,OK,N
DO401,C1400,A2400,,INACTIVE,SAVINGS,2020-08-05,B10,,N
DO402,C1401,A2401,21701.31,ACTIVE,LOAN,2023-02-12,B2,OK,N
DO403,C1402,A2402,45708.13,ACTIVE,LOAN,2023-06-14,B12,OK,N
DO404,C1403,A2403,29957.69,PENDING,CURRENT,2021-08-24,B4,OK,N
DO405,C1404,A2404,16313.43,PENDING,CURRENT,2024-08-01,B11,OK,Y
DO406,C1405,A2405,27942.47,INACTIVE,CURRENT,2023-03-28,B5,OK,N
DO407,C1406,A2406,44272.69,PENDING,LOAN,2020-11-26,B2,OK,Y
DO408,C1407,A2407,37703.83,ACTIVE,CURRENT,2022-03-24,B17,OK,N
DO409,C1408,A2408,28886.58,ACTIVE,LOAN,2024-03-10,B9,OK,Y
DO410,C1409,A2409,30671.32,INACTIVE,SAVINGS,2023-11-06,B11,OK,N
DO411,C1410,A2410,10916.58,ACTIVE,LOAN,2023-05-19,B10,OK,Y
DO412,C1411,A2411,8679.24,INACTIVE,SAVINGS,2024-02-19,B12,OK,N
DO413,C1412,A2412,10019.91,ACTIVE,CURRENT,2021-03-31,B18,OK,N
DO414,C1413,A2413,14056.68,ACTIVE,LOAN,2024-04-17,B17,OK,N
DO415,C1414,A2414,48738.15,INACTIVE,CURRENT,2023-01-20,B10,OK,Y
DO416,C1415,A2415,10549.8,INACTIVE,LOAN,2024-11-30,B12,OK,N
DO417,C1416,A2416,43451.11,INACTIVE,SAVINGS,2021-09-07,B1,OK,N
DO418,C1417,A2417,33378.96,ACTIVE,SAVINGS,2024-07-03,B8,OK,Y
DO419,C1418,A2418,33569.47,ACTIVE,SAVINGS,2024-09-23,B12,OK,Y
DO420,C1419,A2419,41458.07,ACTIVE,LOAN,2025-04-09,B17,OK,Y
DO421,C1420,A2420,45062.18,ACTIVE,LOAN,2024-07-08,B18,OK,Y
DO422,C1421,A2421,43872.25,PENDING,CURRENT,2024-04-15,B1,OK,N
DO423,C1422,A2422,43881.0,ACTIVE,LOAN,2025-03-05,B15,OK,Y
DO424,C1423,A2423,14649.92,PENDING,CURRENT,2022-01-01,B6,OK,Y
DO425,C1424,A2424,18012.23,INACTIVE,LOAN,2023-06-27,B14,OK,N
DO426,C1425,A2425,33901.08,INACTIVE,SAVINGS,2022-05-17,B3,,N
DO427,C1426,A2426,11638.43,PENDING,SAVINGS,2023-10-17,B8,OK,Y
DO428,C1427,A2427,23252.15,PENDING,LOAN,2022-09-13,B14,OK,Y
DO429,C1428,A2428,14151.67,PENDING,SAVINGS,2022-03-14,B3,OK,Y
DO430,C1429,A2429,41792.5,ACTIVE,CURRENT,2023-08-02,B9,OK,Y
DO431,C1430,A2430,34334.15,INACTIVE,CURRENT,2020-08-07,B6,OK,Y
DO432,C1431,A2431,3312.79,INACTIVE,CURRENT,2023-12-09,B19,OK,N
DO433,C1432,A2432,19707.97,ACTIVE,CURRENT,2024-09-12,B4,OK,Y
DO434,C1433,A2433,32394.72,INACTIVE,CURRENT,2021-06-27,B16,OK,N
DO435,C1434,A2434,29920.11,PENDING,LOAN,2023-08-01,B2,OK,N
DO436,C1435,A2435,5004.24,INACTIVE,LOAN,2021-08-13,B7,OK,Y
DO437,C1436,A2436,4749.17,PENDING,CURRENT,2021-11-22,B5,OK,N
DO438,C1437,A2437,16189.29,ACTIVE,LOAN,2021-03-24,B13,OK,Y
DO439,C1438,A2438,39969.58,PENDING,LOAN,2022-08-29,B9,OK,N
DO440,C1439,A2439,8834.76,PENDING,SAVINGS,2022-02-21,B1,OK,Y
DO441,C1440,A2440,,INACTIVE,CURRENT,2020-06-11,B11,OK,N
DO442,C1441,A2441,3840.25,INACTIVE,LOAN,2024-06-15,B9,OK,Y
DO443,C1442,A2442,36545.99,ACTIVE,LOAN,2025-02-17,B1,OK,N
DO444,C1443,A2443,15029.43,ACTIVE,SAVINGS,2025-05-20,B2,OK,Y
DO445,C1444,A2444,49794.37,ACTIVE,CURRENT,2020-10-30,B5,OK,Y
DO446,C1445,A2445,27167.13,INACTIVE,SAVINGS,2024-08-14,B11,OK,Y
DO447,C1446,A2446,47201.73,INACTIVE,SAVINGS,2024-05-19,B18,OK,N
DO448,C1447,A2447,14285.52,PENDING,SAVINGS,2022-11-14,B7,OK,Y
DO449,C1448,A2448,23671.97,PENDING,LOAN,2025-05-19,B2,OK,Y
DO450,C1449,A2449,22632.94,PENDING,SAVINGS,2021-11-30,B11,OK,N
DO451,C1450,A2450,9984.62,INACTIVE,LOAN,2020-04-30,B4,,Y
DO452,C1451,A2451,40349.09,ACTIVE,SAVINGS,2020-08-23,B2,OK,N
DO453,C1452,A2452,3799.43,ACTIVE,CURRENT,2020-01-26,B8,OK,Y
DO454,C1453,A2453,38517.63,ACTIVE,CURRENT,2020-09-05,B2,OK,Y
DO455,C1454,A2454,45893.99,INACTIVE,SAVINGS,2024-09-03,B14,OK,Y
DO456,C1455,A2455,25722.41,ACTIVE,SAVINGS,2023-05-31,B4,OK,N
DO457,C1456,A2456,49712.86,ACTIVE,LOAN,2024-08-09,B20,OK,N
DO458,C1457,A2457,45033.09,INACTIVE,LOAN,2024-12-22,B1,OK,Y
DO459,C1458,A2458,211.38,PENDING,SAVINGS,2023-12-12,B14,OK,Y
DO460,C1459,A2459,28287.58,ACTIVE,CURRENT,2020-01-27,B7,OK,N
DO461,C1460,A2460,15142.0,PENDING,SAVINGS,2021-08-01,B20,OK,Y
DO462,C1461,A2461,11341.41,ACTIVE,CURRENT,2021-10-23,B3,OK,N
DO463,C1462,A2462,17667.74,INACTIVE,SAVINGS,2020-01-05,B13,OK,N
DO464,C1463,A2463,22993.13,ACTIVE,LOAN,2024-12-23,B8,OK,N
DO465,C1464,A2464,19737.06,PENDING,LOAN,2024-09-09,B17,OK,Y
DO466,C1465,A2465,21294.51,ACTIVE,SAVINGS,2021-05-06,B2,OK,N
DO467,C1466,A2466,29334.28,INACTIVE,SAVINGS,2023-03-07,B16,OK,N
DO468,C1467,A2467,21249.79,ACTIVE,LOAN,2024-08-24,B6,OK,N
DO469,C1468,A2468,1424.61,ACTIVE,SAVINGS,2020-01-31,B14,OK,N
DO470,C1469,A2469,10773.36,INACTIVE,SAVINGS,2020-04-17,B8,OK,Y
DO471,C1470,A2470,42007.15,INACTIVE,LOAN,2020-09-04,B2,OK,Y
DO472,C1471,A2471,38066.39,PENDING,CURRENT,2020-11-29,B15,OK,Y
DO473,C1472,A2472,4428.87,ACTIVE,LOAN,2023-02-06,B1,OK,Y
DO474,C1473,A2473,32746.71,INACTIVE,CURRENT,2024-09-06,B11,OK,N
DO475,C1474,A2474,24207.41,INACTIVE,SAVINGS,2024-11-21,B11,OK,N
DO476,C1475,A2475,17829.23,PENDING,CURRENT,2023-09-29,B13,,Y
DO477,C1476,A2476,46159.57,ACTIVE,CURRENT,2024-10-18,B10,OK,N
DO478,C1477,A2477,31025.61,PENDING,CURRENT,2024-09-18,B12,OK,Y
DO479,C1478,A2478,17859.54,INACTIVE,LOAN,2021-06-03,B13,OK,Y
DO480,C1479,A2479,49734.22,PENDING,SAVINGS,2021-03-07,B10,OK,Y
DO481,C1480,A2480,,INACTIVE,LOAN,2020-11-02,B20,OK,Y
DO482,C1481,A2481,49860.04,ACTIVE,LOAN,2022-10-16,B8,OK,Y
DO483,C1482,A2482,39901.23,INACTIVE,CURRENT,2023-01-01,B2,OK,Y
DO484,C1483,A2483,28052.06,PENDING,LOAN,2022-06-15,B20,OK,N
DO485,C1484,A2484,46893.87,INACTIVE,SAVINGS,2022-05-27,B16,OK,N
DO486,C1485,A2485,11042.71,PENDING,LOAN,2022-03-01,B7,OK,N
DO487,C1486,A2486,23679.82,ACTIVE,SAVINGS,2020-08-31,B8,OK,Y
DO488,C1487,A2487,13661.17,INACTIVE,CURRENT,2021-11-01,B12,OK,Y
DO489,C1488,A2488,22113.88,INACTIVE,LOAN,2021-06-07,B11,OK,N
DO490,C1489,A2489,15304.74,INACTIVE,LOAN,2021-08-09,B15,OK,Y
DO491,C1490,A2490,16524.64,INACTIVE,SAVINGS,2021-12-17,B16,OK,Y
DO492,C1491,A2491,26690.92,ACTIVE,SAVINGS,2021-12-18,B10,OK,Y
DO493,C1492,A2492,28660.95,ACTIVE,CURRENT,2022-07-11,B9,OK,Y
DO494,C1493,A2493,36327.05,INACTIVE,SAVINGS,2024-04-09,B9,OK,N
DO495,C1494,A2494,11798.53,PENDING,SAVINGS,2021-12-28,B9,OK,N
DO496,C1495,A2495,35065.72,ACTIVE,LOAN,2025-02-18,B20,OK,Y
DO497,C1496,A2496,33809.4,PENDING,CURRENT,2021-10-27,B5,OK,Y
DO498,C1497,A2497,39333.34,PENDING,LOAN,2020-07-17,B3,OK,N
DO499,C1498,A2498,41383.07,ACTIVE,CURRENT,2022-07-21,B20,OK,Y
DO500,C1499,A2499,24610.22,ACTIVE,LOAN,2024-10-04,B2,OK,N
