loan_id,customer_id,account_id,amount,status,type,date,branch,remarks,flag
LO1,C1000,A2000,,ACTIVE,SAVINGS,2020-01-27,B6,,N
LO2,C1001,A2001,43343.22,PENDING,LOAN,2024-08-01,B14,OK,Y
LO3,C1002,A2002,27570.18,ACTIVE,LOAN,2020-12-10,B15,OK,Y
LO4,C1003,A2003,586.11,PENDING,SAVINGS,2024-09-21,B5,OK,Y
LO5,C1004,A2004,155.98,ACTIVE,LOAN,2023-08-11,B19,OK,Y
LO6,C1005,A2005,48461.69,PENDING,CURRENT,2023-12-27,B4,OK,N
LO7,C1006,A2006,18651.05,ACTIVE,LOAN,2023-09-09,B7,OK,Y
LO8,C1007,A2007,4206.61,ACTIVE,SAVINGS,2023-11-15,B10,OK,Y
LO9,C1008,A2008,3945.49,ACTIVE,SAVINGS,2025-03-29,B3,OK,N
LO10,C1009,A2009,37647.17,INACTIVE,CURRENT,2021-05-21,B5,OK,Y
LO11,C1010,A2010,29240.94,ACTIVE,CURRENT,2020-06-01,B12,OK,Y
LO12,C1011,A2011,38499.33,PENDING,LOAN,2020-03-29,B9,OK,Y
LO13,C1012,A2012,27839.23,PENDING,CURRENT,2025-01-22,B14,OK,Y
LO14,C1013,A2013,29610.53,ACTIVE,CURRENT,2023-12-26,B11,OK,N
LO15,C1014,A2014,8241.55,PENDING,CURRENT,2024-10-16,B10,OK,N
LO16,C1015,A2015,25480.78,PENDING,LOAN,2023-06-09,B14,OK,Y
LO17,C1016,A2016,2410.09,ACTIVE,CURRENT,2023-06-13,B14,OK,N
LO18,C1017,A2017,18619.82,PENDING,SAVINGS,2023-12-14,B5,OK,N
LO19,C1018,A2018,25207.34,ACTIVE,LOAN,2024-11-20,B9,OK,N
LO20,C1019,A2019,16820.37,INACTIVE,SAVINGS,2020-03-26,B4,OK,Y
LO21,C1020,A2020,21893.77,PENDING,CURRENT,2024-04-02,B12,OK,N
LO22,C1021,A2021,5989.09,INACTIVE,CURRENT,2025-06-01,B4,OK,Y
LO23,C1022,A2022,25985.38,PENDING,CURRENT,2024-02-05,B17,OK,Y
LO24,C1023,A2023,24917.51,PENDING,SAVINGS,2021-10-20,B4,OK,Y
LO25,C1024,A2024,27551.76,INACTIVE,SAVINGS,2022-09-22,B11,OK,Y
LO26,C1025,A2025,8333.79,ACTIVE,SAVINGS,2022-05-27,B11,,N
LO27,C1026,A2026,27712.93,PENDING,SAVINGS,2024-08-27,B12,OK,Y
LO28,C1027,A2027,34287.38,PENDING,SAVINGS,2023-07-18,B7,OK,Y
LO29,C1028,A2028,8818.57,PENDING,CURRENT,2022-06-11,B9,OK,Y
LO30,C1029,A2029,8060.19,INACTIVE,LOAN,2021-01-14,B6,OK,Y
LO31,C1030,A2030,41353.74,ACTIVE,LOAN,2023-06-24,B20,OK,N
LO32,C1031,A2031,28201.88,ACTIVE,LOAN,2025-05-07,B11,OK,N
LO33,C1032,A2032,12048.42,ACTIVE,SAVINGS,2025-01-10,B10,OK,Y
LO34,C1033,A2033,7119.73,ACTIVE,CURRENT,2020-04-16,B12,OK,N
LO35,C1034,A2034,43078.14,INACTIVE,SAVINGS,2025-04-01,B6,OK,N
LO36,C1035,A2035,36742.47,PENDING,SAVINGS,2024-01-10,B9,OK,N
LO37,C1036,A2036,16791.14,PENDING,CURRENT,2023-11-03,B5,OK,N
LO38,C1037,A2037,32297.68,INACTIVE,LOAN,2024-05-10,B14,OK,Y
LO39,C1038,A2038,921.44,ACTIVE,SAVINGS,2020-02-29,B7,OK,N
LO40,C1039,A2039,10194.22,INACTIVE,SAVINGS,2023-12-11,B2,OK,Y
LO41,C1040,A2040,,INACTIVE,SAVINGS,2023-02-18,B6,OK,Y
LO42,C1041,A2041,41377.57,ACTIVE,CURRENT,2022-12-24,B7,OK,Y
LO43,C1042,A2042,28386.01,ACTIVE,CURRENT,2020-11-24,B18,OK,N
LO44,C1043,A2043,46123.53,PENDING,CURRENT,2020-02-17,B18,OK,N
LO45,C1044,A2044,3398.03,INACTIVE,CURRENT,2023-03-18,B12,OK,N
LO46,C1045,A2045,20578.06,ACTIVE,LOAN,2020-09-11,B4,OK,N
LO47,C1046,A2046,49345.21,PENDING,CURRENT,2024-08-17,B6,OK,Y
LO48,C1047,A2047,19257.61,PENDING,CURRENT,2020-01-01,B20,OK,Y
LO49,C1048,A2048,14826.71,INACTIVE,CURRENT,2020-05-02,B16,OK,N
LO50,C1049,A2049,3084.23,ACTIVE,SAVINGS,2022-10-15,B20,OK,N
LO51,C1050,A2050,1862.06,ACTIVE,LOAN,2022-03-06,B18,,Y
LO52,C1051,A2051,29130.32,INACTIVE,SAVINGS,2024-08-19,B1,OK,Y
LO53,C1052,A2052,26543.77,PENDING,LOAN,2022-02-27,B9,OK,N
LO54,C1053,A2053,36241.9,ACTIVE,SAVINGS,2023-06-14,B14,OK,Y
LO55,C1054,A2054,36107.74,PENDING,SAVINGS,2024-12-05,B5,OK,N
LO56,C1055,A2055,32192.8,ACTIVE,CURRENT,2020-07-14,B2,OK,N
LO57,C1056,A2056,46832.18,INACTIVE,SAVINGS,2020-08-16,B16,OK,N
LO58,C1057,A2057,9120.96,ACTIVE,LOAN,2022-08-09,B3,OK,Y
LO59,C1058,A2058,46837.81,INACTIVE,LOAN,2020-11-17,B16,OK,N
LO60,C1059,A2059,12863.55,PENDING,CURRENT,2025-01-25,B16,OK,Y
LO61,C1060,A2060,33019.42,PENDING,SAVINGS,2020-12-27,B8,OK,Y
LO62,C1061,A2061,37033.48,ACTIVE,SAVINGS,2021-08-27,B4,OK,N
LO63,C1062,A2062,46862.16,ACTIVE,SAVINGS,2024-04-10,B12,OK,Y
LO64,C1063,A2063,22489.41,INACTIVE,LOAN,2023-01-23,B3,OK,N
LO65,C1064,A2064,29140.42,ACTIVE,LOAN,2023-05-16,B4,OK,N
LO66,C1065,A2065,29948.21,INACTIVE,CURRENT,2022-08-10,B16,OK,N
LO67,C1066,A2066,19188.91,INACTIVE,CURRENT,2024-05-24,B1,OK,Y
LO68,C1067,A2067,8694.31,INACTIVE,CURRENT,2024-11-16,B1,OK,Y
LO69,C1068,A2068,36587.39,PENDING,LOAN,2023-05-10,B11,OK,Y
LO70,C1069,A2069,42389.29,ACTIVE,LOAN,2023-08-30,B1,OK,N
LO71,C1070,A2070,37415.49,PENDING,SAVINGS,2022-07-15,B10,OK,N
LO72,C1071,A2071,3878.65,PENDING,LOAN,2025-02-09,B7,OK,N
LO73,C1072,A2072,15914.59,INACTIVE,LOAN,2022-03-12,B1,OK,Y
LO74,C1073,A2073,8560.63,INACTIVE,LOAN,2024-05-28,B5,OK,N
LO75,C1074,A2074,10763.76,PENDING,SAVINGS,2021-12-04,B18,OK,Y
LO76,C1075,A2075,7917.42,PENDING,LOAN,2024-07-10,B16,,Y
LO77,C1076,A2076,46803.41,ACTIVE,LOAN,2023-01-23,B4,OK,N
LO78,C1077,A2077,24650.63,ACTIVE,CURRENT,2024-10-29,B9,OK,N
LO79,C1078,A2078,14740.06,INACTIVE,SAVINGS,2022-12-09,B19,OK,Y
LO80,C1079,A2079,42802.08,PENDING,LOAN,2025-04-11,B4,OK,Y
LO81,C1080,A2080,,INACTIVE,SAVINGS,2021-02-18,B2,OK,Y
LO82,C1081,A2081,26045.56,PENDING,LOAN,2025-02-02,B15,OK,Y
LO83,C1082,A2082,27006.01,ACTIVE,SAVINGS,2022-05-05,B14,OK,Y
LO84,C1083,A2083,2008.96,PENDING,SAVINGS,2024-10-28,B11,OK,Y
LO85,C1084,A2084,7392.47,ACTIVE,LOAN,2023-04-08,B2,OK,N
LO86,C1085,A2085,42531.86,PENDING,SAVINGS,2021-10-30,B19,OK,Y
LO87,C1086,A2086,31283.12,INACTIVE,CURRENT,2021-07-06,B19,OK,N
LO88,C1087,A2087,11197.67,ACTIVE,LOAN,2020-05-14,B19,OK,Y
LO89,C1088,A2088,22746.23,INACTIVE,SAVINGS,2020-02-12,B4,OK,Y
LO90,C1089,A2089,1718.22,PENDING,SAVINGS,2023-06-07,B16,OK,N
LO91,C1090,A2090,36291.1,INACTIVE,CURRENT,2021-08-03,B9,OK,N
LO92,C1091,A2091,23942.26,ACTIVE,CURRENT,2025-01-01,B13,OK,N
LO93,C1092,A2092,47216.05,ACTIVE,LOAN,2020-11-10,B3,OK,N
LO94,C1093,A2093,10324.81,ACTIVE,CURRENT,2024-04-14,B9,OK,Y
LO95,C1094,A2094,11065.36,INACTIVE,SAVINGS,2024-02-29,B4,OK,Y
LO96,C1095,A2095,36580.92,ACTIVE,CURRENT,2021-04-27,B3,OK,Y
LO97,C1096,A2096,47067.91,PENDING,LOAN,2022-02-11,B7,OK,N
LO98,C1097,A2097,43827.26,PENDING,LOAN,2020-06-06,B15,OK,N
LO99,C1098,A2098,16607.01,INACTIVE,CURRENT,2023-10-25,B17,OK,Y
LO100,C1099,A2099,44232.39,ACTIVE,SAVINGS,2020-12-04,B1,OK,Y
LO101,C1100,A2100,12398.55,PENDING,LOAN,2024-02-02,B14,,N
LO102,C1101,A2101,31980.87,ACTIVE,CURRENT,2025-05-15,B17,OK,Y
LO103,C1102,A2102,49277.17,ACTIVE,SAVINGS,2021-03-23,B6,OK,N
LO104,C1103,A2103,10199.0,PENDING,CURRENT,2024-07-03,B8,OK,N
LO105,C1104,A2104,17369.79,PENDING,CURRENT,2020-04-10,B15,OK,Y
LO106,C1105,A2105,37725.31,ACTIVE,CURRENT,2025-01-23,B5,OK,N
LO107,C1106,A2106,18857.29,INACTIVE,CURRENT,2021-05-02,B16,OK,N
LO108,C1107,A2107,19952.16,ACTIVE,CURRENT,2021-12-21,B16,OK,N
LO109,C1108,A2108,2746.0,INACTIVE,LOAN,2023-05-30,B19,OK,N
LO110,C1109,A2109,24406.65,PENDING,CURRENT,2020-05-03,B17,OK,N
LO111,C1110,A2110,11602.17,PENDING,CURRENT,2025-05-05,B6,OK,N
LO112,C1111,A2111,10561.84,ACTIVE,LOAN,2021-09-11,B13,OK,Y
LO113,C1112,A2112,9421.06,PENDING,CURRENT,2020-01-29,B10,OK,N
LO114,C1113,A2113,39857.43,INACTIVE,SAVINGS,2025-02-03,B13,OK,Y
LO115,C1114,A2114,28491.82,PENDING,SAVINGS,2025-05-18,B7,OK,N
LO116,C1115,A2115,45959.92,ACTIVE,CURRENT,2021-10-24,B10,OK,N
LO117,C1116,A2116,31184.06,INACTIVE,LOAN,2024-07-08,B9,OK,Y
LO118,C1117,A2117,19814.65,INACTIVE,LOAN,2021-04-07,B8,OK,N
LO119,C1118,A2118,29889.98,ACTIVE,LOAN,2024-04-10,B13,OK,Y
LO120,C1119,A2119,78.91,ACTIVE,CURRENT,2021-02-07,B4,OK,Y
LO121,C1120,A2120,,INACTIVE,SAVINGS,2020-04-21,B6,OK,N
LO122,C1121,A2121,2148.41,PENDING,CURRENT,2021-02-26,B7,OK,N
LO123,C1122,A2122,44981.1,PENDING,SAVINGS,2023-03-21,B6,OK,N
LO124,C1123,A2123,2264.73,ACTIVE,SAVINGS,2024-01-10,B2,OK,Y
LO125,C1124,A2124,37465.3,INACTIVE,SAVINGS,2024-11-16,B6,OK,N
LO126,C1125,A2125,47687.89,ACTIVE,SAVINGS,2023-04-03,B11,,Y
LO127,C1126,A2126,10768.88,ACTIVE,LOAN,2022-09-14,B15,OK,Y
LO128,C1127,A2127,44875.25,ACTIVE,CURRENT,2025-03-25,B17,OK,Y
LO129,C1128,A2128,39640.87,INACTIVE,LOAN,2023-02-21,B19,OK,Y
LO130,C1129,A2129,9069.37,ACTIVE,LOAN,2023-03-22,B10,OK,N
LO131,C1130,A2130,10029.82,PENDING,SAVINGS,2020-01-26,B9,OK,Y
LO132,C1131,A2131,46967.66,ACTIVE,LOAN,2025-02-15,B7,OK,N
LO133,C1132,A2132,15885.59,PENDING,CURRENT,2024-01-23,B4,OK,N
LO134,C1133,A2133,3759.93,INACTIVE,CURRENT,2024-02-09,B2,OK,Y
LO135,C1134,A2134,16632.11,PENDING,SAVINGS,2021-05-19,B18,OK,Y
LO136,C1135,A2135,2474.32,ACTIVE,SAVINGS,2020-04-18,B10,OK,N
LO137,C1136,A2136,5141.82,ACTIVE,CURRENT,2021-07-28,B5,OK,Y
LO138,C1137,A2137,26955.29,PENDING,SAVINGS,2022-09-04,B2,OK,N
LO139,C1138,A2138,22013.33,ACTIVE,SAVINGS,2021-11-09,B14,OK,N
LO140,C1139,A2139,24406.56,PENDING,CURRENT,2021-10-13,B14,OK,Y
LO141,C1140,A2140,8436.25,INACTIVE,SAVINGS,2020-05-18,B5,OK,N
LO142,C1141,A2141,19767.31,PENDING,LOAN,2023-12-11,B10,OK,N
LO143,C1142,A2142,18357.06,INACTIVE,SAVINGS,2023-06-15,B7,OK,N
LO144,C1143,A2143,10766.51,ACTIVE,SAVINGS,2025-01-25,B1,OK,Y
LO145,C1144,A2144,4151.91,PENDING,LOAN,2020-05-30,B6,OK,N
LO146,C1145,A2145,26370.47,PENDING,LOAN,2025-01-28,B6,OK,Y
LO147,C1146,A2146,36821.7,INACTIVE,SAVINGS,2022-08-04,B4,OK,Y
LO148,C1147,A2147,24090.79,PENDING,CURRENT,2022-04-06,B5,OK,N
LO149,C1148,A2148,6964.68,ACTIVE,CURRENT,2021-10-30,B7,OK,Y
LO150,C1149,A2149,47078.06,INACTIVE,SAVINGS,2023-04-02,B15,OK,Y
LO151,C1150,A2150,12816.85,ACTIVE,SAVINGS,2023-11-26,B16,,Y
LO152,C1151,A2151,2134.61,PENDING,CURRENT,2022-09-05,B17,OK,N
LO153,C1152,A2152,11074.22,ACTIVE,LOAN,2020-06-13,B1,OK,Y
LO154,C1153,A2153,39775.64,PENDING,LOAN,2021-03-17,B16,OK,N
LO155,C1154,A2154,19686.36,PENDING,SAVINGS,2020-07-19,B12,OK,Y
LO156,C1155,A2155,9951.37,INACTIVE,CURRENT,2022-04-18,B9,OK,Y
LO157,C1156,A2156,18861.28,ACTIVE,SAVINGS,2024-03-15,B7,OK,N
LO158,C1157,A2157,20285.42,INACTIVE,CURRENT,2022-07-14,B13,OK,Y
LO159,C1158,A2158,6444.74,INACTIVE,CURRENT,2023-12-12,B12,OK,N
LO160,C1159,A2159,25021.74,ACTIVE,CURRENT,2024-04-01,B4,OK,N
LO161,C1160,A2160,,ACTIVE,SAVINGS,2024-03-04,B20,OK,N
LO162,C1161,A2161,8946.64,PENDING,LOAN,2025-03-28,B10,OK,N
LO163,C1162,A2162,27987.88,INACTIVE,CURRENT,2024-11-24,B12,OK,Y
LO164,C1163,A2163,8345.05,ACTIVE,LOAN,2022-01-05,B16,OK,N
LO165,C1164,A2164,34202.94,ACTIVE,SAVINGS,2021-10-19,B1,OK,N
LO166,C1165,A2165,11130.95,INACTIVE,CURRENT,2022-05-10,B9,OK,Y
LO167,C1166,A2166,27835.75,INACTIVE,SAVINGS,2023-07-31,B2,OK,Y
LO168,C1167,A2167,26638.14,PENDING,SAVINGS,2021-05-05,B2,OK,N
LO169,C1168,A2168,33498.81,ACTIVE,SAVINGS,2024-08-30,B4,OK,Y
LO170,C1169,A2169,34708.04,INACTIVE,LOAN,2021-07-28,B4,OK,Y
LO171,C1170,A2170,18539.29,INACTIVE,CURRENT,2024-08-29,B2,OK,N
LO172,C1171,A2171,4207.18,ACTIVE,SAVINGS,2023-03-04,B19,OK,Y
LO173,C1172,A2172,26178.15,PENDING,LOAN,2023-03-20,B16,OK,N
LO174,C1173,A2173,34015.94,ACTIVE,LOAN,2023-08-26,B9,OK,Y
LO175,C1174,A2174,8885.65,PENDING,LOAN,2020-12-06,B14,OK,N
LO176,C1175,A2175,46669.91,INACTIVE,SAVINGS,2025-02-05,B6,,N
LO177,C1176,A2176,8581.57,PENDING,CURRENT,2021-05-14,B7,OK,Y
LO178,C1177,A2177,14390.97,PENDING,SAVINGS,2023-07-22,B3,OK,Y
LO179,C1178,A2178,5772.18,INACTIVE,SAVINGS,2020-09-27,B13,OK,N
LO180,C1179,A2179,48774.98,PENDING,SAVINGS,2020-09-12,B20,OK,Y
LO181,C1180,A2180,6597.85,INACTIVE,CURRENT,2021-05-03,B6,OK,N
LO182,C1181,A2181,11711.29,PENDING,SAVINGS,2023-05-25,B9,OK,N
LO183,C1182,A2182,40342.24,PENDING,LOAN,2023-12-09,B10,OK,Y
LO184,C1183,A2183,31832.57,PENDING,SAVINGS,2025-01-19,B2,OK,Y
LO185,C1184,A2184,31716.8,ACTIVE,LOAN,2020-01-20,B17,OK,N
LO186,C1185,A2185,27300.65,ACTIVE,LOAN,2020-03-11,B12,OK,N
LO187,C1186,A2186,27291.05,PENDING,SAVINGS,2021-04-19,B11,OK,Y
LO188,C1187,A2187,35341.27,PENDING,SAVINGS,2024-11-24,B19,OK,N
LO189,C1188,A2188,33166.32,PENDING,SAVINGS,2020-09-13,B7,OK,Y
LO190,C1189,A2189,25713.84,ACTIVE,CURRENT,2022-07-25,B9,OK,Y
LO191,C1190,A2190,5863.49,ACTIVE,SAVINGS,2021-08-09,B16,OK,Y
LO192,C1191,A2191,6020.88,INACTIVE,LOAN,2022-01-29,B12,OK,Y
LO193,C1192,A2192,10597.59,ACTIVE,SAVINGS,2021-11-26,B9,OK,N
LO194,C1193,A2193,18124.39,ACTIVE,SAVINGS,2021-03-12,B6,OK,N
LO195,C1194,A2194,32287.07,ACTIVE,LOAN,2020-01-26,B15,OK,N
LO196,C1195,A2195,18904.29,INACTIVE,LOAN,2022-01-29,B16,OK,Y
LO197,C1196,A2196,32394.41,PENDING,SAVINGS,2024-07-18,B2,OK,N
LO198,C1197,A2197,20349.94,INACTIVE,LOAN,2022-04-01,B6,OK,N
LO199,C1198,A2198,31933.45,PENDING,SAVINGS,2024-10-08,B10,OK,Y
LO200,C1199,A2199,21238.72,INACTIVE,SAVINGS,2022-04-06,B7,OK,N
LO201,C1200,A2200,,INACTIVE,SAVINGS,2023-05-10,B7,,Y
LO202,C1201,A2201,34215.04,ACTIVE,LOAN,2023-12-08,B11,OK,Y
LO203,C1202,A2202,31463.32,INACTIVE,SAVINGS,2022-02-27,B10,OK,Y
LO204,C1203,A2203,31586.81,ACTIVE,CURRENT,2020-02-02,B4,OK,Y
LO205,C1204,A2204,46791.6,ACTIVE,SAVINGS,2022-04-08,B20,OK,N
LO206,C1205,A2205,7690.9,ACTIVE,SAVINGS,2021-01-26,B14,OK,N
LO207,C1206,A2206,42509.27,INACTIVE,SAVINGS,2024-01-17,B8,OK,Y
LO208,C1207,A2207,4711.28,PENDING,CURRENT,2021-12-11,B11,OK,N
LO209,C1208,A2208,13194.17,INACTIVE,LOAN,2021-04-11,B3,OK,N
LO210,C1209,A2209,40461.59,PENDING,CURRENT,2023-07-20,B1,OK,N
LO211,C1210,A2210,46707.29,INACTIVE,LOAN,2023-10-17,B10,OK,N
LO212,C1211,A2211,35053.15,PENDING,CURRENT,2021-10-22,B18,OK,N
LO213,C1212,A2212,47447.44,ACTIVE,CURRENT,2021-01-25,B15,OK,Y
LO214,C1213,A2213,10831.78,INACTIVE,CURRENT,2020-01-11,B2,OK,N
LO215,C1214,A2214,6323.92,INACTIVE,SAVINGS,2021-08-24,B18,OK,Y
LO216,C1215,A2215,16133.85,INACTIVE,CURRENT,2025-02-04,B19,OK,Y
LO217,C1216,A2216,40822.99,ACTIVE,SAVINGS,2022-02-11,B19,OK,N
LO218,C1217,A2217,30757.88,PENDING,LOAN,2020-04-12,B10,OK,N
LO219,C1218,A2218,25286.22,PENDING,CURRENT,2023-08-14,B1,OK,Y
LO220,C1219,A2219,23811.32,ACTIVE,SAVINGS,2022-03-11,B14,OK,Y
LO221,C1220,A2220,10255.04,PENDING,CURRENT,2024-01-12,B12,OK,N
LO222,C1221,A2221,22534.87,INACTIVE,SAVINGS,2022-10-19,B6,OK,Y
LO223,C1222,A2222,48468.35,ACTIVE,LOAN,2022-05-19,B12,OK,Y
LO224,C1223,A2223,9002.23,PENDING,LOAN,2021-12-28,B20,OK,N
LO225,C1224,A2224,7069.82,PENDING,SAVINGS,2025-04-15,B8,OK,N
LO226,C1225,A2225,27520.66,PENDING,SAVINGS,2024-07-04,B3,,Y
LO227,C1226,A2226,28151.35,INACTIVE,SAVINGS,2021-10-20,B8,OK,Y
LO228,C1227,A2227,21487.96,ACTIVE,CURRENT,2021-01-08,B16,OK,Y
LO229,C1228,A2228,48494.08,PENDING,LOAN,2023-03-18,B7,OK,N
LO230,C1229,A2229,8371.64,INACTIVE,LOAN,2024-03-18,B4,OK,Y
LO231,C1230,A2230,5119.93,PENDING,CURRENT,2024-05-26,B4,OK,N
LO232,C1231,A2231,10136.54,INACTIVE,LOAN,2021-04-05,B1,OK,N
LO233,C1232,A2232,38951.21,INACTIVE,CURRENT,2022-07-14,B15,OK,Y
LO234,C1233,A2233,21626.59,INACTIVE,LOAN,2025-04-30,B3,OK,N
LO235,C1234,A2234,33089.95,INACTIVE,SAVINGS,2020-08-01,B12,OK,N
LO236,C1235,A2235,17561.76,INACTIVE,CURRENT,2025-02-23,B7,OK,Y
LO237,C1236,A2236,41144.16,ACTIVE,SAVINGS,2020-08-25,B1,OK,Y
LO238,C1237,A2237,24354.77,INACTIVE,CURRENT,2024-12-04,B10,OK,Y
LO239,C1238,A2238,41115.45,PENDING,LOAN,2024-04-20,B18,OK,Y
LO240,C1239,A2239,40560.73,INACTIVE,LOAN,2021-05-03,B4,OK,N
LO241,C1240,A2240,,PENDING,CURRENT,2021-10-21,B19,OK,N
LO242,C1241,A2241,7764.82,INACTIVE,LOAN,2021-04-11,B11,OK,Y
LO243,C1242,A2242,27701.35,PENDING,CURRENT,2020-09-19,B18,OK,Y
LO244,C1243,A2243,19768.06,PENDING,CURRENT,2020-03-16,B1,OK,Y
LO245,C1244,A2244,20343.89,INACTIVE,SAVINGS,2022-10-24,B15,OK,N
LO246,C1245,A2245,31827.86,INACTIVE,LOAN,2022-03-28,B13,OK,N
LO247,C1246,A2246,12672.03,ACTIVE,SAVINGS,2025-04-10,B5,OK,N
LO248,C1247,A2247,3243.21,INACTIVE,SAVINGS,2020-05-04,B13,OK,N
LO249,C1248,A2248,43518.81,ACTIVE,CURRENT,2025-02-04,B8,OK,N
LO250,C1249,A2249,17040.58,ACTIVE,SAVINGS,2021-06-26,B13,OK,N
LO251,C1250,A2250,23528.56,INACTIVE,LOAN,2022-08-12,B9,,Y
LO252,C1251,A2251,23323.04,INACTIVE,LOAN,2022-05-22,B20,OK,Y
LO253,C1252,A2252,29803.62,PENDING,CURRENT,2020-12-14,B6,OK,N
LO254,C1253,A2253,27616.22,PENDING,LOAN,2020-02-17,B7,OK,Y
LO255,C1254,A2254,18685.76,ACTIVE,LOAN,2023-12-19,B15,OK,Y
LO256,C1255,A2255,16272.89,ACTIVE,SAVINGS,2022-11-29,B12,OK,Y
LO257,C1256,A2256,35085.91,INACTIVE,SAVINGS,2021-05-13,B12,OK,Y
LO258,C1257,A2257,13383.07,PENDING,CURRENT,2023-04-04,B2,OK,Y
LO259,C1258,A2258,13009.87,PENDING,CURRENT,2022-10-17,B4,OK,N
LO260,C1259,A2259,33559.48,INACTIVE,SAVINGS,2024-09-12,B2,OK,N
LO261,C1260,A2260,24403.2,PENDING,LOAN,2021-06-25,B7,OK,N
LO262,C1261,A2261,36266.54,ACTIVE,LOAN,2024-03-18,B12,OK,Y
LO263,C1262,A2262,28118.63,INACTIVE,CURRENT,2022-08-20,B12,OK,Y
LO264,C1263,A2263,16508.18,INACTIVE,SAVINGS,2024-12-15,B15,OK,N
LO265,C1264,A2264,12544.11,PENDING,SAVINGS,2021-03-29,B6,OK,N
LO266,C1265,A2265,33251.49,ACTIVE,SAVINGS,2020-10-11,B7,OK,Y
LO267,C1266,A2266,27979.92,ACTIVE,CURRENT,2024-03-31,B5,OK,Y
LO268,C1267,A2267,16990.43,INACTIVE,SAVINGS,2020-02-02,B13,OK,Y
LO269,C1268,A2268,18959.35,PENDING,LOAN,2024-12-27,B5,OK,Y
LO270,C1269,A2269,25468.86,INACTIVE,SAVINGS,2023-03-23,B11,OK,Y
LO271,C1270,A2270,28921.99,ACTIVE,LOAN,2024-04-18,B1,OK,Y
LO272,C1271,A2271,26256.98,INACTIVE,LOAN,2022-06-18,B4,OK,Y
LO273,C1272,A2272,868.16,ACTIVE,LOAN,2025-03-15,B18,OK,Y
LO274,C1273,A2273,15245.29,PENDING,SAVINGS,2022-05-03,B18,OK,Y
LO275,C1274,A2274,40842.07,PENDING,LOAN,2021-06-19,B6,OK,Y
LO276,C1275,A2275,1159.47,ACTIVE,SAVINGS,2020-12-20,B4,,N
LO277,C1276,A2276,2414.32,PENDING,LOAN,2023-09-19,B10,OK,Y
LO278,C1277,A2277,29846.39,ACTIVE,SAVINGS,2020-04-13,B8,OK,Y
LO279,C1278,A2278,21095.74,ACTIVE,SAVINGS,2025-04-04,B1,OK,N
LO280,C1279,A2279,49899.16,ACTIVE,SAVINGS,2022-10-17,B9,OK,N
LO281,C1280,A2280,,PENDING,LOAN,2021-12-29,B19,OK,N
LO282,C1281,A2281,30367.41,PENDING,CURRENT,2022-05-02,B8,OK,N
LO283,C1282,A2282,23302.54,INACTIVE,SAVINGS,2021-01-19,B11,OK,Y
LO284,C1283,A2283,5012.85,INACTIVE,CURRENT,2020-04-02,B6,OK,N
LO285,C1284,A2284,34035.35,ACTIVE,CURRENT,2024-01-11,B14,OK,Y
LO286,C1285,A2285,38852.53,ACTIVE,LOAN,2024-07-17,B2,OK,N
LO287,C1286,A2286,40689.48,PENDING,LOAN,2025-02-21,B10,OK,N
LO288,C1287,A2287,45239.67,PENDING,LOAN,2022-02-10,B8,OK,Y
LO289,C1288,A2288,17172.06,INACTIVE,CURRENT,2023-03-15,B11,OK,N
LO290,C1289,A2289,13074.29,PENDING,LOAN,2020-06-19,B16,OK,Y
LO291,C1290,A2290,47252.09,INACTIVE,LOAN,2023-10-07,B19,OK,Y
LO292,C1291,A2291,27052.35,PENDING,SAVINGS,2025-03-28,B15,OK,N
LO293,C1292,A2292,34306.23,INACTIVE,CURRENT,2020-06-02,B18,OK,Y
LO294,C1293,A2293,11109.66,PENDING,SAVINGS,2021-12-28,B11,OK,Y
LO295,C1294,A2294,44939.4,ACTIVE,LOAN,2024-12-01,B7,OK,Y
LO296,C1295,A2295,10329.17,ACTIVE,LOAN,2023-07-26,B14,OK,Y
LO297,C1296,A2296,48526.0,INACTIVE,CURRENT,2023-10-24,B1,OK,N
LO298,C1297,A2297,40974.39,ACTIVE,SAVINGS,2025-01-07,B14,OK,N
LO299,C1298,A2298,8666.78,ACTIVE,SAVINGS,2024-08-13,B19,OK,Y
LO300,C1299,A2299,815.23,INACTIVE,SAVINGS,2024-12-02,B3,OK,Y
LO301,C1300,A2300,7002.49,ACTIVE,CURRENT,2024-07-06,B9,,Y
LO302,C1301,A2301,17270.45,PENDING,CURRENT,2025-01-20,B16,OK,N
LO303,C1302,A2302,30056.84,INACTIVE,LOAN,2024-09-23,B19,OK,N
LO304,C1303,A2303,5120.91,INACTIVE,SAVINGS,2022-07-24,B19,OK,N
LO305,C1304,A2304,14025.98,INACTIVE,SAVINGS,2021-09-11,B5,OK,N
LO306,C1305,A2305,32556.26,ACTIVE,SAVINGS,2021-01-04,B6,OK,N
LO307,C1306,A2306,43034.0,ACTIVE,CURRENT,2020-12-15,B10,OK,N
LO308,C1307,A2307,31021.92,ACTIVE,CURRENT,2025-02-04,B4,OK,N
LO309,C1308,A2308,18128.58,ACTIVE,SAVINGS,2021-03-11,B13,OK,Y
LO310,C1309,A2309,1463.82,INACTIVE,CURRENT,2022-03-02,B4,OK,Y
LO311,C1310,A2310,30681.88,ACTIVE,SAVINGS,2021-03-05,B15,OK,Y
LO312,C1311,A2311,26506.06,INACTIVE,CURRENT,2022-09-18,B8,OK,N
LO313,C1312,A2312,46326.27,ACTIVE,SAVINGS,2020-12-21,B2,OK,Y
LO314,C1313,A2313,49948.52,INACTIVE,SAVINGS,2022-05-05,B16,OK,Y
LO315,C1314,A2314,40866.82,ACTIVE,CURRENT,2023-03-29,B12,OK,Y
LO316,C1315,A2315,27011.55,INACTIVE,SAVINGS,2021-08-02,B10,OK,Y
LO317,C1316,A2316,49985.47,INACTIVE,SAVINGS,2024-04-06,B20,OK,Y
LO318,C1317,A2317,11628.76,ACTIVE,LOAN,2023-09-14,B18,OK,N
LO319,C1318,A2318,9028.31,INACTIVE,CURRENT,2023-01-30,B3,OK,Y
LO320,C1319,A2319,6182.44,PENDING,SAVINGS,2021-10-18,B5,OK,Y
LO321,C1320,A2320,,PENDING,SAVINGS,2021-02-05,B6,OK,Y
LO322,C1321,A2321,41202.21,PENDING,SAVINGS,2022-12-29,B8,OK,Y
LO323,C1322,A2322,35910.29,PENDING,CURRENT,2025-02-05,B17,OK,N
LO324,C1323,A2323,11689.15,PENDING,LOAN,2020-11-01,B13,OK,Y
LO325,C1324,A2324,46148.24,ACTIVE,CURRENT,2022-02-25,B17,OK,Y
LO326,C1325,A2325,48376.04,PENDING,SAVINGS,2023-03-11,B17,,Y
LO327,C1326,A2326,27103.18,PENDING,SAVINGS,2022-09-18,B8,OK,N
LO328,C1327,A2327,3306.46,INACTIVE,SAVINGS,2022-10-13,B5,OK,N
LO329,C1328,A2328,7195.31,PENDING,CURRENT,2024-09-06,B13,OK,Y
LO330,C1329,A2329,46628.41,ACTIVE,SAVINGS,2024-12-10,B7,OK,Y
LO331,C1330,A2330,13381.13,INACTIVE,CURRENT,2020-03-28,B2,OK,N
LO332,C1331,A2331,22277.08,PENDING,SAVINGS,2024-05-07,B14,OK,Y
LO333,C1332,A2332,43256.92,ACTIVE,LOAN,2020-02-07,B1,OK,N
LO334,C1333,A2333,37417.87,ACTIVE,SAVINGS,2024-01-09,B7,OK,N
LO335,C1334,A2334,28665.86,PENDING,SAVINGS,2022-10-24,B7,OK,N
LO336,C1335,A2335,18633.75,PENDING,SAVINGS,2024-07-09,B13,OK,Y
LO337,C1336,A2336,43772.72,PENDING,CURRENT,2021-08-28,B1,OK,N
LO338,C1337,A2337,5963.31,ACTIVE,CURRENT,2020-09-10,B12,OK,Y
LO339,C1338,A2338,32886.65,PENDING,SAVINGS,2023-06-04,B1,OK,N
LO340,C1339,A2339,18826.69,ACTIVE,SAVINGS,2023-07-24,B18,OK,Y
LO341,C1340,A2340,49246.48,INACTIVE,CURRENT,2023-05-23,B13,OK,Y
LO342,C1341,A2341,4957.28,PENDING,CURRENT,2023-06-06,B8,OK,N
LO343,C1342,A2342,30267.89,ACTIVE,CURRENT,2025-03-30,B15,OK,Y
LO344,C1343,A2343,48693.67,PENDING,SAVINGS,2021-01-28,B14,OK,Y
LO345,C1344,A2344,21920.49,ACTIVE,SAVINGS,2023-09-16,B5,OK,Y
LO346,C1345,A2345,21657.62,ACTIVE,LOAN,2022-03-11,B17,OK,Y
LO347,C1346,A2346,16023.03,PENDING,LOAN,2022-02-26,B10,OK,Y
LO348,C1347,A2347,21021.69,ACTIVE,CURRENT,2021-05-29,B13,OK,N
LO349,C1348,A2348,14690.63,INACTIVE,LOAN,2020-10-16,B2,OK,Y
LO350,C1349,A2349,2886.48,INACTIVE,CURRENT,2022-05-16,B2,OK,N
LO351,C1350,A2350,44503.72,PENDING,CURRENT,2021-06-04,B7,,N
LO352,C1351,A2351,8384.09,ACTIVE,LOAN,2024-10-26,B12,OK,N
LO353,C1352,A2352,37928.1,ACTIVE,LOAN,2022-08-20,B20,OK,N
LO354,C1353,A2353,16351.79,PENDING,LOAN,2025-05-21,B8,OK,Y
LO355,C1354,A2354,3877.82,PENDING,SAVINGS,2023-03-18,B7,OK,N
LO356,C1355,A2355,10740.32,PENDING,LOAN,2021-02-04,B2,OK,Y
LO357,C1356,A2356,15393.74,ACTIVE,LOAN,2020-01-07,B17,OK,Y
LO358,C1357,A2357,37617.72,ACTIVE,CURRENT,2020-11-18,B2,OK,Y
LO359,C1358,A2358,32640.24,ACTIVE,SAVINGS,2021-02-07,B18,OK,Y
LO360,C1359,A2359,22625.47,INACTIVE,SAVINGS,2023-08-20,B5,OK,N
LO361,C1360,A2360,,ACTIVE,LOAN,2023-01-30,B12,OK,N
LO362,C1361,A2361,48467.55,INACTIVE,LOAN,2020-01-18,B8,OK,N
LO363,C1362,A2362,28568.22,ACTIVE,LOAN,2022-08-21,B9,OK,Y
LO364,C1363,A2363,46414.33,INACTIVE,LOAN,2021-08-20,B4,OK,Y
LO365,C1364,A2364,39563.76,PENDING,LOAN,2022-03-31,B18,OK,N
LO366,C1365,A2365,29730.25,PENDING,LOAN,2024-11-18,B4,OK,Y
LO367,C1366,A2366,36020.47,INACTIVE,LOAN,2025-05-22,B12,OK,Y
LO368,C1367,A2367,38725.34,INACTIVE,SAVINGS,2022-02-26,B3,OK,N
LO369,C1368,A2368,42691.42,ACTIVE,SAVINGS,2023-10-30,B2,OK,Y
LO370,C1369,A2369,46191.81,INACTIVE,SAVINGS,2025-01-31,B5,OK,Y
LO371,C1370,A2370,28368.61,INACTIVE,LOAN,2021-04-28,B20,OK,Y
LO372,C1371,A2371,18118.34,ACTIVE,SAVINGS,2020-12-26,B4,OK,Y
LO373,C1372,A2372,30969.95,PENDING,SAVINGS,2020-04-06,B10,OK,Y
LO374,C1373,A2373,27343.29,PENDING,LOAN,2020-12-22,B15,OK,Y
LO375,C1374,A2374,21565.89,ACTIVE,SAVINGS,2020-06-12,B2,OK,Y
LO376,C1375,A2375,16808.73,PENDING,CURRENT,2024-05-22,B9,,N
LO377,C1376,A2376,27776.74,ACTIVE,LOAN,2024-06-08,B18,OK,Y
LO378,C1377,A2377,11169.88,PENDING,CURRENT,2022-09-09,B1,OK,N
LO379,C1378,A2378,38798.54,PENDING,CURRENT,2022-06-16,B7,OK,N
LO380,C1379,A2379,40958.09,ACTIVE,SAVINGS,2020-05-15,B11,OK,Y
LO381,C1380,A2380,24963.02,ACTIVE,SAVINGS,2021-12-03,B1,OK,N
LO382,C1381,A2381,31248.15,ACTIVE,SAVINGS,2021-02-15,B20,OK,N
LO383,C1382,A2382,10520.14,INACTIVE,SAVINGS,2024-04-04,B14,OK,N
LO384,C1383,A2383,34745.07,INACTIVE,CURRENT,2022-02-03,B10,OK,N
LO385,C1384,A2384,9757.23,INACTIVE,SAVINGS,2021-12-27,B20,OK,Y
LO386,C1385,A2385,36757.55,ACTIVE,CURRENT,2024-07-28,B6,OK,N
LO387,C1386,A2386,28350.03,ACTIVE,LOAN,2022-08-10,B7,OK,N
LO388,C1387,A2387,33978.89,PENDING,LOAN,2022-10-04,B11,OK,Y
LO389,C1388,A2388,49018.22,INACTIVE,SAVINGS,2023-09-03,B1,OK,N
LO390,C1389,A2389,37771.88,INACTIVE,LOAN,2025-04-08,B12,OK,Y
LO391,C1390,A2390,45294.74,PENDING,LOAN,2020-08-27,B3,OK,Y
LO392,C1391,A2391,38147.17,ACTIVE,SAVINGS,2022-01-09,B2,OK,Y
LO393,C1392,A2392,48061.15,INACTIVE,CURRENT,2024-05-17,B18,OK,N
LO394,C1393,A2393,21891.8,PENDING,SAVINGS,2025-02-17,B18,OK,N
LO395,C1394,A2394,37667.48,INACTIVE,LOAN,2023-03-20,B13,OK,Y
LO396,C1395,A2395,17878.65,PENDING,SAVINGS,2021-12-17,B15,OK,N
LO397,C1396,A2396,5806.74,INACTIVE,LOAN,2022-09-12,B14,OK,N
LO398,C1397,A2397,7203.31,INACTIVE,LOAN,2024-03-09,B7,OK,N
LO399,C1398,A2398,7036.35,INACTIVE,SAVINGS,2020-12-11,B17,OK,Y
LO400,C1399,A2399,3864.61,PENDING,LOAN,2025-02-17,B7,OK,Y
LO401,C1400,A2400,,PENDING,CURRENT,2024-06-01,B11,,N
LO402,C1401,A2401,41299.45,INACTIVE,SAVINGS,2023-05-13,B11,OK,Y
LO403,C1402,A2402,42175.78,INACTIVE,SAVINGS,2020-02-20,B2,OK,Y
LO404,C1403,A2403,33651.34,INACTIVE,SAVINGS,2023-06-30,B11,OK,N
LO405,C1404,A2404,30256.02,ACTIVE,SAVINGS,2021-08-13,B9,OK,Y
LO406,C1405,A2405,30664.34,INACTIVE,CURRENT,2023-08-12,B11,OK,Y
LO407,C1406,A2406,28351.77,INACTIVE,SAVINGS,2021-07-31,B14,OK,Y
LO408,C1407,A2407,27015.0,PENDING,SAVINGS,2020-10-09,B4,OK,N
LO409,C1408,A2408,38040.38,INACTIVE,SAVINGS,2020-08-01,B12,OK,N
LO410,C1409,A2409,36442.69,INACTIVE,CURRENT,2022-02-28,B2,OK,N
LO411,C1410,A2410,389.8,ACTIVE,SAVINGS,2022-03-05,B8,OK,N
LO412,C1411,A2411,23915.49,PENDING,CURRENT,2022-03-20,B15,OK,N
LO413,C1412,A2412,21815.0,ACTIVE,LOAN,2024-12-12,B10,OK,N
LO414,C1413,A2413,14605.89,ACTIVE,SAVINGS,2023-10-11,B3,OK,Y
LO415,C1414,A2414,48749.53,PENDING,LOAN,2024-09-24,B17,OK,N
LO416,C1415,A2415,38113.62,INACTIVE,SAVINGS,2020-05-20,B14,OK,Y
LO417,C1416,A2416,11373.79,INACTIVE,LOAN,2021-01-08,B17,OK,Y
LO418,C1417,A2417,41020.29,ACTIVE,SAVINGS,2024-10-25,B12,OK,N
LO419,C1418,A2418,5569.86,ACTIVE,LOAN,2025-03-25,B1,OK,N
LO420,C1419,A2419,8282.44,INACTIVE,SAVINGS,2023-03-12,B9,OK,N
LO421,C1420,A2420,22679.57,INACTIVE,CURRENT,2020-06-01,B16,OK,N
LO422,C1421,A2421,24210.19,INACTIVE,CURRENT,2022-09-26,B12,OK,Y
LO423,C1422,A2422,17206.23,ACTIVE,LOAN,2024-07-23,B5,OK,Y
LO424,C1423,A2423,45448.76,INACTIVE,CURRENT,2022-04-21,B11,OK,N
LO425,C1424,A2424,34255.22,PENDING,LOAN,2021-07-07,B4,OK,N
LO426,C1425,A2425,11271.6,PENDING,SAVINGS,2022-08-28,B5,,Y
LO427,C1426,A2426,28044.56,PENDING,LOAN,2021-12-24,B8,OK,N
LO428,C1427,A2427,4606.56,ACTIVE,CURRENT,2022-01-22,B15,OK,Y
LO429,C1428,A2428,19815.81,INACTIVE,CURRENT,2020-01-06,B11,OK,Y
LO430,C1429,A2429,37559.95,PENDING,CURRENT,2021-08-16,B7,OK,N
LO431,C1430,A2430,35035.99,INACTIVE,LOAN,2024-11-09,B16,OK,N
LO432,C1431,A2431,49721.36,PENDING,CURRENT,2024-02-05,B15,OK,Y
LO433,C1432,A2432,38739.04,ACTIVE,CURRENT,2022-02-22,B2,OK,Y
LO434,C1433,A2433,27872.91,ACTIVE,CURRENT,2022-03-04,B12,OK,Y
LO435,C1434,A2434,33551.32,PENDING,SAVINGS,2021-04-14,B17,OK,N
LO436,C1435,A2435,39067.95,PENDING,CURRENT,2025-06-19,B11,OK,N
LO437,C1436,A2436,2915.49,INACTIVE,CURRENT,2022-07-18,B13,OK,N
LO438,C1437,A2437,38586.91,PENDING,LOAN,2025-06-14,B9,OK,Y
LO439,C1438,A2438,26366.18,PENDING,SAVINGS,2021-06-06,B2,OK,N
LO440,C1439,A2439,34012.21,INACTIVE,CURRENT,2021-07-24,B13,OK,N
LO441,C1440,A2440,,ACTIVE,LOAN,2025-04-15,B17,OK,Y
LO442,C1441,A2441,39468.68,PENDING,CURRENT,2021-06-17,B1,OK,N
LO443,C1442,A2442,27965.46,INACTIVE,SAVINGS,2021-10-15,B2,OK,Y
LO444,C1443,A2443,49739.33,INACTIVE,CURRENT,2021-04-14,B16,OK,Y
LO445,C1444,A2444,38714.06,PENDING,CURRENT,2020-12-12,B19,OK,N
LO446,C1445,A2445,5424.64,INACTIVE,SAVINGS,2021-03-09,B2,OK,Y
LO447,C1446,A2446,6671.7,ACTIVE,LOAN,2021-11-03,B20,OK,Y
LO448,C1447,A2447,23328.1,INACTIVE,SAVINGS,2024-05-18,B15,OK,Y
LO449,C1448,A2448,18626.1,PENDING,CURRENT,2023-07-07,B16,OK,N
LO450,C1449,A2449,47762.69,INACTIVE,LOAN,2020-06-14,B2,OK,N
LO451,C1450,A2450,32403.17,INACTIVE,CURRENT,2024-08-29,B14,,Y
LO452,C1451,A2451,17474.9,ACTIVE,CURRENT,2021-05-26,B7,OK,Y
LO453,C1452,A2452,36978.18,INACTIVE,CURRENT,2024-02-16,B17,OK,N
LO454,C1453,A2453,32589.0,PENDING,SAVINGS,2020-10-04,B2,OK,Y
LO455,C1454,A2454,42754.5,PENDING,SAVINGS,2023-04-30,B13,OK,N
LO456,C1455,A2455,17351.41,INACTIVE,LOAN,2022-01-22,B2,OK,Y
LO457,C1456,A2456,6140.88,PENDING,LOAN,2020-05-20,B5,OK,Y
LO458,C1457,A2457,47979.28,ACTIVE,SAVINGS,2025-05-21,B14,OK,N
LO459,C1458,A2458,29332.97,ACTIVE,LOAN,2022-12-11,B8,OK,Y
LO460,C1459,A2459,49654.91,INACTIVE,LOAN,2022-06-18,B13,OK,Y
LO461,C1460,A2460,2740.76,INACTIVE,SAVINGS,2021-08-14,B8,OK,N
LO462,C1461,A2461,15945.97,INACTIVE,LOAN,2024-10-07,B19,OK,N
LO463,C1462,A2462,3657.93,PENDING,SAVINGS,2024-07-25,B14,OK,Y
LO464,C1463,A2463,29069.7,ACTIVE,LOAN,2021-03-31,B13,OK,Y
LO465,C1464,A2464,16217.71,ACTIVE,LOAN,2022-06-10,B19,OK,Y
LO466,C1465,A2465,25606.02,ACTIVE,CURRENT,2020-05-14,B6,OK,N
LO467,C1466,A2466,28332.29,PENDING,CURRENT,2023-03-12,B11,OK,N
LO468,C1467,A2467,45450.69,PENDING,SAVINGS,2023-02-14,B20,OK,N
LO469,C1468,A2468,47105.21,INACTIVE,SAVINGS,2023-11-26,B9,OK,N
LO470,C1469,A2469,42789.21,PENDING,CURRENT,2024-07-13,B9,OK,Y
LO471,C1470,A2470,10317.45,PENDING,SAVINGS,2024-08-21,B18,OK,Y
LO472,C1471,A2471,11798.24,PENDING,SAVINGS,2024-09-29,B3,OK,N
LO473,C1472,A2472,11543.24,PENDING,CURRENT,2021-02-08,B5,OK,Y
LO474,C1473,A2473,48332.24,INACTIVE,SAVINGS,2022-12-13,B19,OK,Y
LO475,C1474,A2474,10552.33,INACTIVE,CURRENT,2020-10-18,B11,OK,Y
LO476,C1475,A2475,2005.52,PENDING,SAVINGS,2022-11-02,B5,,Y
LO477,C1476,A2476,40373.03,PENDING,SAVINGS,2023-05-27,B15,OK,Y
LO478,C1477,A2477,29216.11,INACTIVE,SAVINGS,2021-02-12,B3,OK,N
LO479,C1478,A2478,13681.79,ACTIVE,CURRENT,2022-11-29,B6,OK,N
LO480,C1479,A2479,15410.41,INACTIVE,CURRENT,2020-08-03,B15,OK,N
LO481,C1480,A2480,,INACTIVE,LOAN,2021-03-19,B14,OK,Y
LO482,C1481,A2481,35991.12,INACTIVE,SAVINGS,2024-03-25,B14,OK,N
LO483,C1482,A2482,48247.83,ACTIVE,SAVINGS,2024-10-06,B19,OK,Y
LO484,C1483,A2483,13831.0,INACTIVE,SAVINGS,2020-01-07,B16,OK,N
LO485,C1484,A2484,6103.34,INACTIVE,LOAN,2021-04-28,B18,OK,Y
LO486,C1485,A2485,4842.2,ACTIVE,CURRENT,2025-01-31,B10,OK,Y
LO487,C1486,A2486,42377.27,PENDING,LOAN,2020-04-16,B12,OK,Y
LO488,C1487,A2487,16698.78,INACTIVE,CURRENT,2020-01-18,B15,OK,Y
LO489,C1488,A2488,35003.87,PENDING,LOAN,2023-08-11,B2,OK,N
LO490,C1489,A2489,5431.0,INACTIVE,LOAN,2025-04-16,B17,OK,Y
LO491,C1490,A2490,33105.9,INACTIVE,CURRENT,2022-05-30,B4,OK,Y
LO492,C1491,A2491,15018.32,ACTIVE,CURRENT,2022-07-14,B20,OK,N
LO493,C1492,A2492,36869.41,INACTIVE,CURRENT,2025-02-28,B6,OK,Y
LO494,C1493,A2493,31470.54,PENDING,SAVINGS,2021-03-24,B4,OK,Y
LO495,C1494,A2494,23901.91,ACTIVE,LOAN,2021-04-09,B19,OK,N
LO496,C1495,A2495,48255.33,PENDING,LOAN,2020-04-25,B14,OK,N
LO497,C1496,A2496,18597.25,PENDING,LOAN,2023-03-08,B9,OK,Y
LO498,C1497,A2497,10516.24,INACTIVE,SAVINGS,2022-08-07,B11,OK,Y
LO499,C1498,A2498,6241.16,ACTIVE,LOAN,2025-06-18,B6,OK,Y
LO500,C1499,A2499,42213.19,ACTIVE,LOAN,2022-06-13,B17,OK,Y
